state,constituency,name,name_title,party,photo_url
Andaman and Nicobar Islands,Andaman and Nicobar Islands,Bishnu Pada Ray,Bishnu Pada Ray,Bharatiya Janata Party,https://upload.wikimedia.org/wikipedia/commons/thumb/3/3f/Shri_Bishnu_Pada_Ray%2C_MP_of_Andaman_%26_Nicobar_Islands%2C_addressing_at_the_inauguration_of_the_Public_Information_Campaign%2C_at_Ferrargunj%2C_South_Andaman_on_January_03%2C_2016.jpg/500px-thumbnail.jpg
Andhra Pradesh,Araku,Gumma Thanuja Rani,Gumma Thanuja Rani,YSR Congress Party,
Andhra Pradesh,Srikakulam,Kinjarapu Ram Mohan Naidu,Kinjarapu Ram Mohan Naidu,Telugu Desam Party,https://upload.wikimedia.org/wikipedia/commons/thumb/5/5f/Kinjarapu_Ram_Mohan_Naidu_%28cropped%29.jpg/500px-Kinjarapu_Ram_Mohan_Naidu_%28cropped%29.jpg
Andhra Pradesh,Vizianagaram,Appalanaidu Kalisetti,Appalanaidu Kalisetti,Telugu Desam Party,
Andhra Pradesh,Visakhapatnam,Mathukumilli Bharat,Mathukumilli Bharat,Telugu Desam Party,https://upload.wikimedia.org/wikipedia/commons/thumb/3/33/Mathukumilli_Bharat_at_CII_30th_Partnership_Summit%2C_Visakhapatnam_02.jpg/500px-Mathukumilli_Bharat_at_CII_30th_Partnership_Summit%2C_Visakhapatnam_02.jpg
Andhra Pradesh,Anakapalli,C. M. Ramesh,C. M. Ramesh,Bharatiya Janata Party,
Andhra Pradesh,Kakinada,Tangella Uday Srinivas,Tangella Uday Srinivas,Janasena Party,
Andhra Pradesh,Amalapuram,Ganti Harish Madhur,Ganti Harish Madhur,Telugu Desam Party,https://upload.wikimedia.org/wikipedia/commons/thumb/9/9a/G_M_Harish_Balayogi_in_a_white_background.jpg/500px-G_M_Harish_Balayogi_in_a_white_background.jpg
Andhra Pradesh,Rajahmundry,Daggubati Purandeswari,Daggubati Purandeswari,Bharatiya Janata Party,https://upload.wikimedia.org/wikipedia/commons/thumb/e/e3/D._Purandeswari%2C_in_New_Delhi_on_February_07%2C_2013.jpg/500px-D._Purandeswari%2C_in_New_Delhi_on_February_07%2C_2013.jpg
Andhra Pradesh,Narasapuram,Bhupathi Raju Srinivasa Varma,Bhupathi Raju Srinivasa Varma,Bharatiya Janata Party,https://upload.wikimedia.org/wikipedia/commons/thumb/5/53/BhSrinivasaVarma.jpg/500px-BhSrinivasaVarma.jpg
Andhra Pradesh,Eluru,Putta Mahesh Kumar,Putta Mahesh Kumar,Telugu Desam Party,https://upload.wikimedia.org/wikipedia/commons/thumb/4/4a/Putta_Mahesh_Kumar.jpg/500px-Putta_Mahesh_Kumar.jpg
Andhra Pradesh,Machilipatnam,Vallabhaneni Balashowry,Vallabhaneni Balashowry,Janasena Party,
Andhra Pradesh,Vijayawada,Kesineni Sivanath,Kesineni Sivanath,Telugu Desam Party,https://upload.wikimedia.org/wikipedia/commons/thumb/2/2f/Kesineni_Chinni.jpg/500px-Kesineni_Chinni.jpg
Andhra Pradesh,Guntur,Chandra Sekhar Pemmasani,Chandra Sekhar Pemmasani,Telugu Desam Party,https://upload.wikimedia.org/wikipedia/commons/thumb/4/47/The_Minister_of_State_for_Rural_Development_and_Communications%2C_Dr._Chandra_Sekhar_Pemmasani_%28cropped%29.jpg/500px-The_Minister_of_State_for_Rural_Development_and_Communications%2C_Dr._Chandra_Sekhar_Pemmasani_%28cropped%29.jpg
Andhra Pradesh,Narasaraopet,Lavu Sri Krishna Devarayalu,Lavu Sri Krishna Devarayalu,Telugu Desam Party,
Andhra Pradesh,Bapatla,Krishna Prasad Tenneti,Krishna Prasad Tenneti,Telugu Desam Party,
Andhra Pradesh,Ongole,Magunta Sreenivasulu Reddy,Magunta Sreenivasulu Reddy,Telugu Desam Party,
Andhra Pradesh,Nandyal,Byreddy Shabari,Byreddy Shabari,Telugu Desam Party,
Andhra Pradesh,Kurnool,B. Nagaraju Panchalingala,Bastipati Nagaraju Panchalingala,Telugu Desam Party,
Andhra Pradesh,Anantapur,G. Lakshminarayana,G. Lakshminarayana,Telugu Desam Party,
Andhra Pradesh,Hindupur,B. K. Parthasarathi,B. K. Parthasarathi,Telugu Desam Party,
Andhra Pradesh,Kadapa,Y. S. Avinash Reddy,Y. S. Avinash Reddy,YSR Congress Party,
Andhra Pradesh,Nellore,Vemireddy Prabhakar Reddy,Vemireddy Prabhakar Reddy,Telugu Desam Party,
Andhra Pradesh,Tirupati,Maddila Gurumoorthy,Maddila Gurumoorthy,YSR Congress Party,https://upload.wikimedia.org/wikipedia/commons/thumb/8/81/Portrait_of_Maddila_Gurumoorthy.jpg/500px-Portrait_of_Maddila_Gurumoorthy.jpg
Andhra Pradesh,Rajampet,P. V. Midhun Reddy,P. V. Midhun Reddy,YSR Congress Party,
Andhra Pradesh,Chittoor,Daggumalla Prasada Rao,Daggumalla Prasada Rao,Telugu Desam Party,
Arunachal Pradesh,Arunachal West,Kiren Rijiju,Kiren Rijiju,Bharatiya Janata Party,https://upload.wikimedia.org/wikipedia/commons/thumb/d/d7/Kiren_Rijiju_with_Modi_%28cropped%29.jpg/500px-Kiren_Rijiju_with_Modi_%28cropped%29.jpg
Arunachal Pradesh,Arunachal East,Tapir Gao,Tapir Gao,Bharatiya Janata Party,https://upload.wikimedia.org/wikipedia/commons/thumb/f/f3/Himalayan_University_-_Prize_Distribution_by_Chief_Guest%2C_Shri_Tapir_Gao_Ji.jpg/500px-Himalayan_University_-_Prize_Distribution_by_Chief_Guest%2C_Shri_Tapir_Gao_Ji.jpg
Assam,Kokrajhar,Joyanta Basumatary,Joyanta Basumatary,United People's Party Liberal,
Assam,Dhubri,Rakibul Hussain,Rakibul Hussain,Indian National Congress,https://upload.wikimedia.org/wikipedia/commons/2/23/The_Minister_of_Panchayat_%26_Rural_Development%2C_Environment_%26_Forest%2C_Assam%2C_Shri_Rakibul_Hussain_addressing_at_the_Public_Information_Campaign_on_Bharat_Nirman%2C_organized_by_Press_Information_Bureau_%2C_Guwahati_%28cropped%29.jpg
Assam,Barpeta,Phani Bhusan Choudhury,Phani Bhusan Choudhury,Asom Gana Parishad,https://upload.wikimedia.org/wikipedia/commons/thumb/6/6a/Phani_Bhushan_Choudhary_ALA_portrait.jpg/500px-Phani_Bhushan_Choudhary_ALA_portrait.jpg
Assam,Darrang–Udalguri,Dilip Saikia,Dilip Saikia,Bharatiya Janata Party,
Assam,Guwahati,Bijuli Kalita Medhi,Bijuli Kalita Medhi,Bharatiya Janata Party,https://upload.wikimedia.org/wikipedia/commons/a/ae/Mpimage_photo_5603.jpg
Assam,Diphu,Amarsing Tisso,Amarsing Tisso,Bharatiya Janata Party,
Assam,Karimganj,Kripanath Mallah,Kripanath Mallah,Bharatiya Janata Party,
Assam,Silchar,Parimal Suklabaidya,Parimal Suklabaidya,Bharatiya Janata Party,
Assam,Nagaon,Pradyut Bordoloi,Pradyut Bordoloi,Indian National Congress,https://upload.wikimedia.org/wikipedia/commons/thumb/e/e1/Pradyut.jpg/500px-Pradyut.jpg
Assam,Kaziranga,Kamakhya Prasad Tasa,Kamakhya Prasad Tasa,Bharatiya Janata Party,https://upload.wikimedia.org/wikipedia/commons/thumb/f/f9/MP_Kamakhya_Prasad_%28cropped%29.jpg/500px-MP_Kamakhya_Prasad_%28cropped%29.jpg
Assam,Sonitpur,Ranjit Dutta,Ranjit Dutta,Bharatiya Janata Party,https://upload.wikimedia.org/wikipedia/commons/c/c8/Ranjit_Dutta_in_2017_%28cropped%29.jpg
Assam,Lakhimpur,Pradan Baruah,Pradan Baruah,Bharatiya Janata Party,
Assam,Dibrugarh,Sarbananda Sonowal,Sarbananda Sonowal,Bharatiya Janata Party,https://upload.wikimedia.org/wikipedia/commons/thumb/9/91/Sarbananda_Sonowal_with_PM_Modi_%28cropped%29.jpg/500px-Sarbananda_Sonowal_with_PM_Modi_%28cropped%29.jpg
Assam,Jorhat,Gaurav Gogoi,Gaurav Gogoi,Indian National Congress,https://upload.wikimedia.org/wikipedia/commons/6/6e/Gaurav_Gogoi_2024_%28cropped%29.jpg
Bihar,Valmiki Nagar,Sunil Kushwaha,Sunil Kumar Kushwaha,Janata Dal (United),https://upload.wikimedia.org/wikipedia/commons/thumb/5/5f/Sunil_Kumar_Kushwaha_at_west_champaran_%28cropped%29_%28cropped%29.jpg/500px-Sunil_Kumar_Kushwaha_at_west_champaran_%28cropped%29_%28cropped%29.jpg
Bihar,Paschim Champaran,Sanjay Jaiswal,Sanjay Jaiswal,Bharatiya Janata Party,https://upload.wikimedia.org/wikipedia/commons/thumb/d/d7/Sanjay_Jaiswal_Member_of_Parliament_%28cropped%29.jpg/500px-Sanjay_Jaiswal_Member_of_Parliament_%28cropped%29.jpg
Bihar,Purvi Champaran,Radha Mohan Singh,Radha Mohan Singh,Bharatiya Janata Party,https://upload.wikimedia.org/wikipedia/commons/thumb/e/e0/The_Union_Minister_for_Agriculture_and_Farmers_Welfare%2C_Shri_Radha_Mohan_Singh_briefing_the_media_on_Project_Chaman%2C_in_New_Delhi_on_October_16%2C_2017.jpg/500px-The_Union_Minister_for_Agriculture_and_Farmers_Welfare%2C_Shri_Radha_Mohan_Singh_briefing_the_media_on_Project_Chaman%2C_in_New_Delhi_on_October_16%2C_2017.jpg
Bihar,Sheohar,Lovely Anand,Lovely Anand,Janata Dal (United),https://upload.wikimedia.org/wikipedia/commons/6/66/Lovely_Anand_%28cropped%29.jpg
Bihar,Sitamarhi,Devesh Chandra Thakur,Devesh Chandra Thakur,Janata Dal (United),https://upload.wikimedia.org/wikipedia/commons/7/70/Devesh_Chandra_Thakur_%28cropped%29.jpg
Bihar,Madhubani,Ashok Kumar Yadav,Ashok Kumar Yadav,Bharatiya Janata Party,https://upload.wikimedia.org/wikipedia/en/thumb/2/2b/Ashok_Kumar_Yadav.jpg/500px-Ashok_Kumar_Yadav.jpg
Bihar,Jhanjharpur,Ramprit Mandal,Ramprit Mandal,Janata Dal (United),https://upload.wikimedia.org/wikipedia/en/thumb/0/09/Ramprit_Mandal.jpg/500px-Ramprit_Mandal.jpg
Bihar,Supaul,Dileshwar Kamait,Dileshwar Kamait,Janata Dal (United),https://upload.wikimedia.org/wikipedia/en/thumb/9/90/Dileshwar_Kamait.jpg/500px-Dileshwar_Kamait.jpg
Bihar,Araria,Pradeep Kumar Singh,Pradeep Kumar Singh,Bharatiya Janata Party,https://upload.wikimedia.org/wikipedia/en/thumb/a/a3/Pradeep_Singh_MP.jpg/500px-Pradeep_Singh_MP.jpg
Bihar,Kishanganj,Mohammad Jawed,Mohammad Jawed,Indian National Congress,
Bihar,Katihar,Tariq Anwar,Tariq Anwar (politician),Indian National Congress,https://upload.wikimedia.org/wikipedia/commons/thumb/f/f5/Tariq_Anwar_assuming_office_as_Minister_of_State_for_Agriculture_in_2012_%28cropped%29.jpg/500px-Tariq_Anwar_assuming_office_as_Minister_of_State_for_Agriculture_in_2012_%28cropped%29.jpg
Bihar,Purnia,Pappu Yadav,Pappu Yadav,Independent,https://upload.wikimedia.org/wikipedia/commons/thumb/c/c2/The_Member_of_Parliament_%28Lok_Sabha%29%2C_Shri_Rajesh_Ranjan_%28Pappu_Yadav%29_meeting_the_Union_Minister_for_Railways%2C_Shri_Suresh_Prabhakar_Prabhu%2C_in_New_Delhi_on_March_22%2C_2016_%28cropped%29.jpg/500px-thumbnail.jpg
Bihar,Madhepura,Dinesh Chandra Yadav,Dinesh Chandra Yadav (Indian politician),Janata Dal (United),https://upload.wikimedia.org/wikipedia/en/thumb/e/e2/Dinesh_Chandra_Yadav.jpg/500px-Dinesh_Chandra_Yadav.jpg
Bihar,Darbhanga,Gopal Jee Thakur,Gopal Jee Thakur,Bharatiya Janata Party,https://upload.wikimedia.org/wikipedia/commons/thumb/d/d5/Gopal_Jee_Thakur.jpg/500px-Gopal_Jee_Thakur.jpg
Bihar,Muzaffarpur,Raj Bhushan Choudhary,Raj Bhushan Choudhary,Bharatiya Janata Party,https://upload.wikimedia.org/wikipedia/commons/thumb/1/15/The_President%2C_Smt_Droupadi_Murmu_administering_the_oath_as_Minister_of_State_to_Shri_Raj_Bhushan_Choudhary_at_a_Swearing-in_Ceremony_at_Rashtrapati_Bhavan%2C_in_New_Delhi_on_June_09%2C_2024.jpg/500px-thumbnail.jpg
Bihar,Vaishali,Veena Devi,Veena Devi,Lok Janshakti Party (Ram Vilas),https://upload.wikimedia.org/wikipedia/commons/thumb/5/54/Veena_Devi_Lok_Sabha_MP_%28cropped%29.jpg/500px-Veena_Devi_Lok_Sabha_MP_%28cropped%29.jpg
Bihar,Gopalganj,Alok Kumar Suman,Alok Kumar Suman,Janata Dal (United),https://upload.wikimedia.org/wikipedia/en/2/26/Alok_Kumar_Suman.jpg
Bihar,Siwan,Vijay Lakshmi Kushwaha,Vijaylakshmi Devi,Janata Dal (United),https://upload.wikimedia.org/wikipedia/commons/3/37/Vijay_Lakshmi_Kushwaha_%28cropped%29.jpg
Bihar,Maharajganj,Janardan Singh Sigriwal,Janardan Singh Sigriwal,Bharatiya Janata Party,https://upload.wikimedia.org/wikipedia/commons/5/55/Janardan_Singh_%27Sigriwal%27%2C_MP_%28Lok_Sabha%29_with_others_meeting_with_the_President_of_India%2C_Shri_Ram_Nath_Kovind%2C_at_Rashtrapati_Bhavan_%28cropped%29.jpg
Bihar,Saran,Rajiv Pratap Rudy,Rajiv Pratap Rudy,Bharatiya Janata Party,https://upload.wikimedia.org/wikipedia/commons/thumb/5/52/The_Minister_of_State_for_Skill_Development_%26_Entrepreneurship_%28Independent_Charge%29_and_Parliamentary_Affairs%2C_Shri_Rajiv_Pratap_Rudy_addressing_at_the_National_Conference_on_Urban_Poverty_Alleviation%2C_in_New_Delhi.jpg/500px-thumbnail.jpg
Bihar,Hajipur,Chirag Paswan,Chirag Paswan,Lok Janshakti Party (Ram Vilas),https://upload.wikimedia.org/wikipedia/commons/thumb/5/54/The_Union_Minister_of_Food_Processing_Industries%2C_Shri_Chirag_Paswan_chaired_a_Curtain_Raiser_Press_Conference_on_%E2%80%9CWorld_Food_India-2024%E2%80%9D_%E2%80%93_in_New_Delhi_on_June_19%2C_2024_%28Cropped%29.jpg/500px-thumbnail.jpg
Bihar,Ujiarpur,Nityanand Rai,Nityanand Rai,Bharatiya Janata Party,https://upload.wikimedia.org/wikipedia/commons/8/87/Nityanand_Rai_%28cropped%29.jpg
Bihar,Samastipur,Shambhavi Choudhary,Shambhavi Choudhary,Lok Janshakti Party (Ram Vilas),https://upload.wikimedia.org/wikipedia/commons/thumb/d/d3/Shambhavi_Choudhary_2026.jpg/500px-Shambhavi_Choudhary_2026.jpg
Bihar,Begusarai,Giriraj Singh,Giriraj Singh,Bharatiya Janata Party,https://upload.wikimedia.org/wikipedia/commons/thumb/8/83/Giriraj_Singh_addressing_at_the_inauguration_of_the_National_Conclave_%28MSME_Udyam_Sangam_2018%29%2C_on_the_occasion_of_the_2nd_United_Nations_MSME_Day%2C_in_New_Delhi.JPG/500px-thumbnail.jpg
Bihar,Khagaria,Rajesh Verma,Rajesh Verma (Khagaria politician),Lok Janshakti Party (Ram Vilas),
Bihar,Bhagalpur,Ajay Kumar Mandal,Ajay Kumar Mandal,Janata Dal (United),https://upload.wikimedia.org/wikipedia/en/thumb/b/b0/Ajay_Kumar_Mandal.jpg/500px-Ajay_Kumar_Mandal.jpg
Bihar,Banka,Giridhari Yadav,Giridhari Yadav,Janata Dal (United),https://upload.wikimedia.org/wikipedia/en/thumb/9/9d/Giridhari_Yadav.jpg/500px-Giridhari_Yadav.jpg
Bihar,Munger,Rajiv Ranjan Singh,Rajiv Ranjan Singh,Janata Dal (United),https://upload.wikimedia.org/wikipedia/commons/3/36/Shri_Rajiv_Ranjan_Singh_alias_Lalan_Singh_interacting_with_media_after_taking_charge_as_the_Union_Minister_for_Fisheries%2C_Animal_Husbandry_and_Dairying.jpg
Bihar,Nalanda,Kaushalendra Kumar,Kaushalendra Kumar,Janata Dal (United),https://upload.wikimedia.org/wikipedia/commons/thumb/2/29/Kaushalendra_with_Nitish_Kumar%2C_Kaushal_Kishore_and_others_at_55th_anniversary_of_establishment_of_Vishwa_Shanti_Stupa_%28cropped%29.jpg/500px-Kaushalendra_with_Nitish_Kumar%2C_Kaushal_Kishore_and_others_at_55th_anniversary_of_establishment_of_Vishwa_Shanti_Stupa_%28cropped%29.jpg
Bihar,Patna Sahib,Ravi Shankar Prasad,Ravi Shankar Prasad,Bharatiya Janata Party,https://upload.wikimedia.org/wikipedia/commons/thumb/7/78/Ravi_Shankar_Prasad_At_Office.jpg/500px-Ravi_Shankar_Prasad_At_Office.jpg
Bihar,Pataliputra,Misa Bharti,Misa Bharti,Rashtriya Janata Dal,https://upload.wikimedia.org/wikipedia/commons/a/a2/Misa_Bharti.jpg
Bihar,Arrah,Sudama Prasad,Sudama Prasad,Communist Party of India (Marxist-Leninist) Liberation,
Bihar,Buxar,Sudhakar Singh,Sudhakar Singh (Bihar politician),Rashtriya Janata Dal,
Bihar,Sasaram,Manoj Kumar,Manoj Kumar (Sasaram politician),Indian National Congress,
Bihar,Karakat,Raja Ram Kushwaha,Raja Ram Singh Kushwaha,Communist Party of India (Marxist-Leninist) Liberation,
Bihar,Jahanabad,Surendra Prasad Yadav,Surendra Prasad Yadav,Rashtriya Janata Dal,
Bihar,Aurangabad,Abhay Kushwaha,Abhay Kumar Sinha,Rashtriya Janata Dal,
Bihar,Gaya,Jitan Ram Manjhi,Jitan Ram Manjhi,Hindustani Awam Morcha,https://upload.wikimedia.org/wikipedia/commons/thumb/1/1d/Jitan_Ram_Manjhi_June_2024_cropped.jpg/500px-Jitan_Ram_Manjhi_June_2024_cropped.jpg
Bihar,Nawada,Vivek Thakur,Vivek Thakur,Bharatiya Janata Party,https://upload.wikimedia.org/wikipedia/commons/c/c2/Nitish_Kumar_with_Vivek_Thakur_and_others_in_Warsaliganj_%28cropped%29.jpg
Bihar,Jamui,Arun Bharti,Arun Bharti,Lok Janshakti Party (Ram Vilas),https://upload.wikimedia.org/wikipedia/commons/thumb/c/c1/Arun-Bharti-MP-Jamui.png/500px-Arun-Bharti-MP-Jamui.png
Chandigarh,Chandigarh,Manish Tewari,Manish Tewari,Indian National Congress,https://upload.wikimedia.org/wikipedia/commons/c/c8/Manish_Tewari.jpg
Chhattisgarh,Sarguja,Chintamani Maharaj,Chintamani Maharaj,Bharatiya Janata Party,
Chhattisgarh,Raigarh,Radheshyam Rathiya,Radheshyam Rathiya,Bharatiya Janata Party,
Chhattisgarh,Janjgir–Champa,Kamlesh Jangde,Kamlesh Jangde,Bharatiya Janata Party,
Chhattisgarh,Korba,Jyotsna Mahant,Jyotsna Mahant,Indian National Congress,
Chhattisgarh,Bilaspur,Tokhan Sahu,Tokhan Sahu,Bharatiya Janata Party,https://upload.wikimedia.org/wikipedia/commons/thumb/b/b3/Tokhan_Sahu.jpg/500px-Tokhan_Sahu.jpg
Chhattisgarh,Rajnandgaon,Santosh Pandey,Santosh Pandey (Chhattisgarh politician),Bharatiya Janata Party,
Chhattisgarh,Durg,Vijay Baghel,Vijay Baghel,Bharatiya Janata Party,
Chhattisgarh,Raipur,Brijmohan Agrawal,Brijmohan Agrawal,Bharatiya Janata Party,
Chhattisgarh,Mahasamund,Rupkumari Choudhary,Rupkumari Choudhary,Bharatiya Janata Party,
Chhattisgarh,Bastar,Mahesh Kashyap,Mahesh Kashyap,Bharatiya Janata Party,
Chhattisgarh,Kanker,Bhojraj Nag,Bhojraj Nag,Bharatiya Janata Party,
Dadra and Nagar Haveli and Daman and Diu,Dadra and Nagar Haveli,Kalaben Delkar,Kalaben Delkar,Bharatiya Janata Party,
Dadra and Nagar Haveli and Daman and Diu,Daman and Diu,Umeshbhai Patel,Umeshbhai Patel,Independent,https://upload.wikimedia.org/wikipedia/commons/thumb/d/de/Umeshbhai_Patel.jpg/500px-Umeshbhai_Patel.jpg
Delhi,Chandni Chowk,Praveen Khandelwal,Praveen Khandelwal,Bharatiya Janata Party,https://upload.wikimedia.org/wikipedia/commons/b/bc/Praveen_Khandelwal.jpg
Delhi,North East Delhi,Manoj Tiwari,Manoj Tiwari (Delhi politician),Bharatiya Janata Party,https://upload.wikimedia.org/wikipedia/commons/thumb/8/81/Manoj_Tiwari_profile.jpg/500px-Manoj_Tiwari_profile.jpg
Delhi,East Delhi,Harsh Malhotra,Harsh Malhotra,Bharatiya Janata Party,https://upload.wikimedia.org/wikipedia/commons/thumb/8/89/Harsh_Malhotra.png/500px-Harsh_Malhotra.png
Delhi,New Delhi,Bansuri Swaraj,Bansuri Swaraj,Bharatiya Janata Party,https://upload.wikimedia.org/wikipedia/commons/f/fa/Bansuri_Swaraj_in_June_2024.jpg
Delhi,North West Delhi,Yogender Chandoliya,Yogender Chandoliya,Bharatiya Janata Party,https://upload.wikimedia.org/wikipedia/commons/6/66/Yogender_Chandoliya.jpg
Delhi,West Delhi,Kamaljeet Sehrawat,Kamaljeet Sehrawat,Bharatiya Janata Party,https://upload.wikimedia.org/wikipedia/commons/thumb/6/63/Kamaljeet_Sehrawat.jpg/500px-Kamaljeet_Sehrawat.jpg
Delhi,South Delhi,Ramvir Singh Bidhuri,Ramvir Singh Bidhuri,Bharatiya Janata Party,https://upload.wikimedia.org/wikipedia/commons/thumb/6/60/Ramvir_Singh_Bidhuri.jpg/500px-Ramvir_Singh_Bidhuri.jpg
Goa,North Goa,Shripad Naik,Shripad Naik,Bharatiya Janata Party,https://upload.wikimedia.org/wikipedia/commons/thumb/1/15/Shripad_Yasso_Naik_-_Kolkata_2014-10-12_7755.JPG/500px-Shripad_Yasso_Naik_-_Kolkata_2014-10-12_7755.JPG
Goa,South Goa,Viriato Fernandes,Viriato Fernandes,Indian National Congress,https://upload.wikimedia.org/wikipedia/commons/thumb/a/a5/Viriato_Fernandes_2024.jpg/500px-Viriato_Fernandes_2024.jpg
Gujarat,Kachchh,Vinodbhai Chavda,Vinodbhai Chavda,Bharatiya Janata Party,https://upload.wikimedia.org/wikipedia/commons/thumb/7/7c/Vinodbhai_Chavda.jpg/500px-Vinodbhai_Chavda.jpg
Gujarat,Banaskantha,Geniben Thakor,Geniben Thakor,Indian National Congress,
Gujarat,Patan,Bharatsinhji Dabhi,Bharatsinhji Dabhi,Bharatiya Janata Party,
Gujarat,Mahesana,Haribhai Patel,Haribhai Patel,Bharatiya Janata Party,https://upload.wikimedia.org/wikipedia/commons/thumb/3/37/Haribhai_Patel_2024.jpg/500px-Haribhai_Patel_2024.jpg
Gujarat,Sabarkantha,Shobhanaben Baraiya,Shobhanaben Baraiya,Bharatiya Janata Party,
Gujarat,Gandhinagar,Amit Shah,Amit Shah,Bharatiya Janata Party,https://upload.wikimedia.org/wikipedia/commons/4/44/Amit_Shah_photographed_during_the_first_Union_Cabinet_Meeting_of_the_18th_Lok_Sabha_%28cropped%29.jpg
Gujarat,Ahmedabad East,Hasmukh Patel,Hasmukh Patel (politician),Bharatiya Janata Party,
Gujarat,Ahmedabad West,Dineshbhai Makwana,Dineshbhai Makwana,Bharatiya Janata Party,
Gujarat,Surendranagar,Chandubhai Shihora,Chandubhai Shihora,Bharatiya Janata Party,https://upload.wikimedia.org/wikipedia/commons/thumb/e/eb/Chandubhai_Shihora.jpg/500px-Chandubhai_Shihora.jpg
Gujarat,Rajkot,Parshottam Rupala,Parshottam Rupala,Bharatiya Janata Party,https://upload.wikimedia.org/wikipedia/commons/thumb/5/5c/The_Union_Minister_for_Fisheries%2C_Animal_Husbandry_and_Dairying%2C_Shri_Parshottam_Rupala.jpg/500px-The_Union_Minister_for_Fisheries%2C_Animal_Husbandry_and_Dairying%2C_Shri_Parshottam_Rupala.jpg
Gujarat,Porbandar,Mansukh Mandaviya,Mansukh Mandaviya,Bharatiya Janata Party,https://upload.wikimedia.org/wikipedia/commons/thumb/2/26/Mansukh_Mandaviya_photo_2.png/500px-Mansukh_Mandaviya_photo_2.png
Gujarat,Jamnagar,Poonamben Maadam,Poonamben Maadam,Bharatiya Janata Party,
Gujarat,Junagadh,Rajesh Chudasama,Rajesh Chudasama,Bharatiya Janata Party,https://upload.wikimedia.org/wikipedia/commons/0/01/Rajesh_Chudasama.jpg
Gujarat,Amreli,Bharatbhai Sutariya,Bharatbhai Sutariya,Bharatiya Janata Party,
Gujarat,Bhavnagar,Nimuben Bambhaniya,Nimuben Bambhaniya,Bharatiya Janata Party,https://upload.wikimedia.org/wikipedia/commons/thumb/d/d0/Nimuben_Jayantibhai_Bambhaniya_being_welcomed_on_her_arrival_for_assumption_of_charge_as_the_Minister_of_State_for_Ministry_of_Consumer_Affairs%2C_Food_and_Public_Distribution_%28cropped%29.jpg/500px-thumbnail.jpg
Gujarat,Anand,Mitesh Patel,Mitesh Rameshbhai Patel,Bharatiya Janata Party,https://upload.wikimedia.org/wikipedia/commons/thumb/9/9c/Mitesh_Patel_Bakabhai.jpg/500px-Mitesh_Patel_Bakabhai.jpg
Gujarat,Kheda,Devusinh Chauhan,Devusinh Jesingbhai Chauhan,Bharatiya Janata Party,https://upload.wikimedia.org/wikipedia/commons/thumb/5/5a/Devusinh_Chauhan_with_PM_Modi_%28cropped%29.jpg/500px-Devusinh_Chauhan_with_PM_Modi_%28cropped%29.jpg
Gujarat,Panchmahal,Rajpalsinh Jadav,Rajpalsinh Jadav,Bharatiya Janata Party,
Gujarat,Dahod,Jasvantsinh Bhabhor,Jasvantsinh Bhabhor,Bharatiya Janata Party,https://upload.wikimedia.org/wikipedia/commons/thumb/c/c4/Jasvantsinh_Bhabhor_cropped.jpg/500px-Jasvantsinh_Bhabhor_cropped.jpg
Gujarat,Vadodara,Hemang Joshi,Hemang Joshi,Bharatiya Janata Party,
Gujarat,Chhota Udaipur,Jashubhai Rathva,Jashubhai Rathva,Bharatiya Janata Party,
Gujarat,Bharuch,Mansukhbhai Vasava,Mansukhbhai Vasava,Bharatiya Janata Party,https://upload.wikimedia.org/wikipedia/commons/thumb/7/7c/Mansukhbhai_Dhanjibhai_Vasava_addressing_a_meeting_on_effective_and_efficient_implementation_mechanism_of_schemes_of_Ministry_of_Tribal_Affairs_for_development_of_Tribals%2C_in_New_Delhi_on_August_05%2C_2014.jpg/500px-thumbnail.jpg
Gujarat,Bardoli,Parbhubhai Vasava,Parbhubhai Vasava,Bharatiya Janata Party,https://upload.wikimedia.org/wikipedia/commons/thumb/8/83/Parbhubhai_Vasava.jpg/500px-Parbhubhai_Vasava.jpg
Gujarat,Surat,Mukesh Dalal,Mukesh Dalal,Bharatiya Janata Party,https://upload.wikimedia.org/wikipedia/commons/4/47/Mukesh_Dalal_in_Algeria_on_October_13%2C_2024.jpg
Gujarat,Navsari,C. R. Patil,C. R. Patil,Bharatiya Janata Party,https://upload.wikimedia.org/wikipedia/commons/thumb/3/36/The_Union_Minister_for_Jal_Shakti%2C_Shri_C.R._Paatil_addressing_at_the_Jal_Shakti_Abhiyan-_Catch_the_Rain_Programme%2C_in_New_Delhi_on_June_24%2C_2024_%28cropped%29.jpg/500px-The_Union_Minister_for_Jal_Shakti%2C_Shri_C.R._Paatil_addressing_at_the_Jal_Shakti_Abhiyan-_Catch_the_Rain_Programme%2C_in_New_Delhi_on_June_24%2C_2024_%28cropped%29.jpg
Gujarat,Valsad,Dhavalbhai Patel,Dhavalbhai Patel,Bharatiya Janata Party,https://upload.wikimedia.org/wikipedia/commons/thumb/0/07/DhavalBhaiPatel.jpg/500px-DhavalBhaiPatel.jpg
Haryana,Ambala,Varun Chaudhary,Varun Chaudhary,Indian National Congress,
Haryana,Kurukshetra,Naveen Jindal,Naveen Jindal,Bharatiya Janata Party,https://upload.wikimedia.org/wikipedia/commons/thumb/a/aa/Naveen_Jindal_at_the_India_Economic_Summit_2010_cropped.jpg/500px-Naveen_Jindal_at_the_India_Economic_Summit_2010_cropped.jpg
Haryana,Sirsa,Selja Kumari,Selja Kumari,Indian National Congress,https://upload.wikimedia.org/wikipedia/commons/thumb/8/8b/Kumari_Selja.jpg/500px-Kumari_Selja.jpg
Haryana,Hisar,Jai Parkash,Jai Parkash,Indian National Congress,https://upload.wikimedia.org/wikipedia/commons/thumb/a/aa/IMG-Jpjattt.jpg/500px-IMG-Jpjattt.jpg
Haryana,Karnal,Manohar Lal Khattar,Manohar Lal Khattar,Bharatiya Janata Party,https://upload.wikimedia.org/wikipedia/commons/thumb/4/4b/Manohar_Lal%2C_Minister_of_Power.jpg/500px-Manohar_Lal%2C_Minister_of_Power.jpg
Haryana,Sonipat,Satpal Brahamchari,Satpal Brahamchari,Indian National Congress,
Haryana,Rohtak,Deepender Singh Hooda,Deepender Singh Hooda,Indian National Congress,https://upload.wikimedia.org/wikipedia/commons/thumb/1/13/Deepender_Singh_Hooda.jpg/500px-Deepender_Singh_Hooda.jpg
Haryana,Bhiwani–Mahendragarh,Dharambir Singh Chaudhary,Dharambir Singh Chaudhary,Bharatiya Janata Party,
Haryana,Gurgaon,Rao Inderjit Singh,Rao Inderjit Singh,Bharatiya Janata Party,https://upload.wikimedia.org/wikipedia/commons/thumb/b/b9/Rao_Inderjit_Singh_taking_over_as_Minister_of_State_%28Independent_Charge%29_for_Planning_in_May_2014_%28cropped%29.jpg/500px-Rao_Inderjit_Singh_taking_over_as_Minister_of_State_%28Independent_Charge%29_for_Planning_in_May_2014_%28cropped%29.jpg
Haryana,Faridabad,Krishan Pal Gurjar,Krishan Pal Gurjar,Bharatiya Janata Party,https://upload.wikimedia.org/wikipedia/commons/thumb/7/79/Krishan_Pal_at_the_National_Workshop_on_Autism_Tools_%28cropped%29.jpg/500px-Krishan_Pal_at_the_National_Workshop_on_Autism_Tools_%28cropped%29.jpg
Himachal Pradesh,Mandi,Kangana Ranaut,Kangana Ranaut,Bharatiya Janata Party,https://upload.wikimedia.org/wikipedia/commons/f/f4/Kangana_Ranaut_at_Ira_Khan%27s_wedding_reception_%28cropped%29.jpg
Himachal Pradesh,Kangra,Rajeev Bhardwaj,Rajeev Bhardwaj,Bharatiya Janata Party,
Himachal Pradesh,Hamirpur,Anurag Thakur,Anurag Thakur,Bharatiya Janata Party,https://upload.wikimedia.org/wikipedia/commons/7/76/Shri_Anurag_Singh_Thakur_in_July_2021.jpg
Himachal Pradesh,Shimla,Suresh Kumar Kashyap,Suresh Kumar Kashyap,Bharatiya Janata Party,https://upload.wikimedia.org/wikipedia/commons/thumb/9/92/Suresh_Kumar_Kashyap_with_Pm_Narendra_Modi.jpg/500px-Suresh_Kumar_Kashyap_with_Pm_Narendra_Modi.jpg
Jammu and Kashmir,Baramulla,Sheikh Abdul Rashid,Sheikh Abdul Rashid,,https://upload.wikimedia.org/wikipedia/commons/b/b6/Er_Rashid.jpg
Jammu and Kashmir,Srinagar,Aga Syed Ruhullah Mehdi,Aga Syed Ruhullah Mehdi,Jammu & Kashmir National Conference,https://upload.wikimedia.org/wikipedia/commons/thumb/4/4e/Ruhullah_Mehdi.jpg/500px-Ruhullah_Mehdi.jpg
Jammu and Kashmir,Anantnag–Rajouri,Mian Altaf Ahmed Larvi,Mian Altaf Ahmed Larvi,Jammu & Kashmir National Conference,https://upload.wikimedia.org/wikipedia/commons/thumb/d/d8/Mian_Altaf_Larvi_Jan_2024.jpg/500px-Mian_Altaf_Larvi_Jan_2024.jpg
Jammu and Kashmir,Udhampur,Jitendra Singh,Jitendra Singh Rana,Bharatiya Janata Party,https://upload.wikimedia.org/wikipedia/commons/thumb/9/99/Jitendra_Singh_Rana.jpg/500px-Jitendra_Singh_Rana.jpg
Jammu and Kashmir,Jammu,Jugal Kishore Sharma,Jugal Kishore Sharma,Bharatiya Janata Party,https://upload.wikimedia.org/wikipedia/commons/8/80/Jugal_Kishore_Sharma.jpg
Jharkhand,Rajmahal,Vijay Hansda,Vijay Hansda,Jharkhand Mukti Morcha,
Jharkhand,Dumka,Nalin Soren,Nalin Soren,Jharkhand Mukti Morcha,
Jharkhand,Godda,Nishikant Dubey,Nishikant Dubey,Bharatiya Janata Party,https://upload.wikimedia.org/wikipedia/commons/thumb/6/64/Nishikant_Dubey_-_Kolkata_2017-07-10_3371.JPG/500px-Nishikant_Dubey_-_Kolkata_2017-07-10_3371.JPG
Jharkhand,Chatra,Kalicharan Singh,Kalicharan Singh,Bharatiya Janata Party,
Jharkhand,Koderma,Annpurna Devi,Annpurna Devi,Bharatiya Janata Party,https://upload.wikimedia.org/wikipedia/commons/thumb/8/80/Annpurna_Devi_Minister_%28cropped%29.jpg/500px-Annpurna_Devi_Minister_%28cropped%29.jpg
Jharkhand,Giridih,Chandra Prakash Choudhary,Chandra Prakash Choudhary,All Jharkhand Students Union,https://upload.wikimedia.org/wikipedia/commons/thumb/a/a7/Chandraprakash_Chaudhary_8910.JPG/500px-Chandraprakash_Chaudhary_8910.JPG
Jharkhand,Dhanbad,Dulu Mahato,Dulu Mahato,Bharatiya Janata Party,
Jharkhand,Ranchi,Sanjay Seth,Sanjay Seth (Jharkhand politician),Bharatiya Janata Party,https://upload.wikimedia.org/wikipedia/commons/8/8f/Sanjay_Seth_%28cropped%29.jpg
Jharkhand,Jamshedpur,Bidyut Baran Mahato,Bidyut Baran Mahato,Bharatiya Janata Party,https://upload.wikimedia.org/wikipedia/commons/thumb/2/25/Bidyut_Baran_Mahato.jpg/500px-Bidyut_Baran_Mahato.jpg
Jharkhand,Singhbhum,Joba Majhi,Joba Majhi,Jharkhand Mukti Morcha,
Jharkhand,Khunti,Kali Charan Munda,Kali Charan Munda,Indian National Congress,
Jharkhand,Lohardaga,Sukhdeo Bhagat,Sukhdeo Bhagat,Indian National Congress,https://upload.wikimedia.org/wikipedia/commons/7/7e/Sukhdeo_Bhagat.jpg
Jharkhand,Palamu,Vishnu Dayal Ram,Vishnu Dayal Ram,Bharatiya Janata Party,
Jharkhand,Hazaribagh,Manish Jaiswal,Manish Jaiswal,Bharatiya Janata Party,
Karnataka,Chikkodi,Priyanka Jarkiholi,Priyanka Jarkiholi,Indian National Congress,
Karnataka,Belgaum,Jagadish Shettar,Jagadish Shettar,Bharatiya Janata Party,https://upload.wikimedia.org/wikipedia/commons/5/5e/Jagdish_Shettar%2C_in_Belagavi.jpg
Karnataka,Bagalkot,P. C. Gaddigoudar,P. C. Gaddigoudar,Bharatiya Janata Party,
Karnataka,Bijapur,Ramesh Jigajinagi,Ramesh Jigajinagi,Bharatiya Janata Party,https://upload.wikimedia.org/wikipedia/commons/thumb/a/a8/Ramesh_Chandappa_Jigajinagi_taking_charge_in_his_office%2C_in_the_presence_of_the_Union_Minister_for_Chemicals_%26_Fertilizers_and_Parliamentary_Affairs%2C_Shri_Ananth_Kumar%2C_in_New_Delhi_%28cropped%29.jpg/500px-thumbnail.jpg
Karnataka,Gulbarga,Radhakrishna,Radhakrishna (politician),Indian National Congress,
Karnataka,Raichur,G Kumar Naik,G Kumar Naik,Indian National Congress,https://upload.wikimedia.org/wikipedia/commons/thumb/1/1d/G_Kumar_Naik.jpg/500px-G_Kumar_Naik.jpg
Karnataka,Bidar,Sagar Khandre,Sagar Khandre,Indian National Congress,https://upload.wikimedia.org/wikipedia/commons/thumb/9/9f/Sagar_Khandre.jpg/500px-Sagar_Khandre.jpg
Karnataka,Koppal,K. Rajashekar Basavaraj Hitnal,K. Rajashekar Basavaraj Hitnal,Indian National Congress,
Karnataka,Bellary,E. Tukaram,E. Tukaram,Indian National Congress,
Karnataka,Haveri,Basavaraj Bommai,Basavaraj Bommai,Bharatiya Janata Party,https://upload.wikimedia.org/wikipedia/commons/2/23/Bommai_at_the_inauguration_of_Metroline_%28cropped%29.jpg
Karnataka,Dharwad,Pralhad Joshi,Pralhad Joshi,Bharatiya Janata Party,https://upload.wikimedia.org/wikipedia/commons/thumb/9/95/Pralhad_Joshi_in_2026.jpg/500px-Pralhad_Joshi_in_2026.jpg
Karnataka,Uttara Kannada,Vishweshwar Hegde Kageri,Vishweshwar Hegde Kageri,Bharatiya Janata Party,https://upload.wikimedia.org/wikipedia/commons/thumb/8/8d/Vishweshwar_Hegde_Kageri_%28cropped%29.jpg/500px-Vishweshwar_Hegde_Kageri_%28cropped%29.jpg
Karnataka,Davanagere,Prabha Mallikarjun,Prabha Mallikarjun,Indian National Congress,https://upload.wikimedia.org/wikipedia/commons/thumb/e/e1/Dr.Prabha_Mallikarjun.jpg/500px-Dr.Prabha_Mallikarjun.jpg
Karnataka,Shimoga,B. Y. Raghavendra,B. Y. Raghavendra,Bharatiya Janata Party,
Karnataka,Udupi Chikmagalur,Kota Srinivas Poojary,Kota Srinivas Poojary,Bharatiya Janata Party,
Karnataka,Hassan,Shreyas M. Patel,Shreyas M. Patel,Indian National Congress,
Karnataka,Dakshina Kannada,Brijesh Chowta,Captain Brijesh Chowta,Bharatiya Janata Party,
Karnataka,Chitradurga,Govind Karjol,Govind Karjol,Bharatiya Janata Party,
Karnataka,Tumkur,V. Somanna,V. Somanna,Bharatiya Janata Party,https://upload.wikimedia.org/wikipedia/commons/thumb/5/57/V._Somanna_in_2024.jpg/500px-V._Somanna_in_2024.jpg
Karnataka,Mandya,H. D. Kumaraswamy,H. D. Kumaraswamy,Janata Dal (Secular),https://upload.wikimedia.org/wikipedia/commons/5/5b/JDS_chief_Kumaraswamy.jpg
Karnataka,Mysore,Yaduveer Wadiyar,Yaduveer Krishnadatta Chamaraja Wadiyar,Bharatiya Janata Party,https://upload.wikimedia.org/wikipedia/commons/thumb/d/d3/YKC_Wadiyar.jpg/500px-YKC_Wadiyar.jpg
Karnataka,Chamarajanagar,Sunil Bose,Sunil Bose,Indian National Congress,
Karnataka,Bangalore Rural,C. N. Manjunath,C. N. Manjunath,Bharatiya Janata Party,
Karnataka,Bangalore North,Shobha Karandlaje,Shobha Karandlaje,Bharatiya Janata Party,https://upload.wikimedia.org/wikipedia/commons/thumb/8/81/Shobha_Karandlaje_with_PM_Modi.jpg/500px-Shobha_Karandlaje_with_PM_Modi.jpg
Karnataka,Bangalore Central,P. C. Mohan,P. C. Mohan,Bharatiya Janata Party,
Karnataka,Bangalore South,Tejasvi Surya,Tejasvi Surya,Bharatiya Janata Party,https://upload.wikimedia.org/wikipedia/commons/thumb/9/9a/Tejasvi_Surya.jpg/500px-Tejasvi_Surya.jpg
Karnataka,Chikballapur,K. Sudhakar,K. Sudhakar (politician),Bharatiya Janata Party,https://upload.wikimedia.org/wikipedia/commons/e/e8/K._Sudhakar_%28politician%29_1.jpg
Karnataka,Kolar,M. Mallesh Babu,M. Mallesh Babu,Janata Dal (Secular),
Kerala,Kasaragod,Rajmohan Unnithan,Rajmohan Unnithan,Indian National Congress,
Kerala,Kannur,K. Sudhakaran,K. Sudhakaran,Indian National Congress,https://upload.wikimedia.org/wikipedia/commons/c/c3/K.sudhakaran.jpg
Kerala,Vatakara,Shafi Parambil,Shafi Parambil,Indian National Congress,https://upload.wikimedia.org/wikipedia/commons/thumb/6/67/Shafi_Parambil.JPG/500px-Shafi_Parambil.JPG
Kerala,Wayanad,Rahul Gandhi,Rahul Gandhi,Indian National Congress,https://upload.wikimedia.org/wikipedia/commons/thumb/9/91/Rahul_Gandhi.png/500px-Rahul_Gandhi.png
Kerala,Kozhikode,M. K. Raghavan,M. K. Raghavan,Indian National Congress,https://upload.wikimedia.org/wikipedia/commons/thumb/0/06/Mkr3521.jpg/500px-Mkr3521.jpg
Kerala,Malappuram,E. T. Muhammed Basheer,E. T. Muhammed Basheer,Indian Union Muslim League,https://upload.wikimedia.org/wikipedia/commons/thumb/1/1a/E._T._Muhammed_Basheer%2C_MP_in_Palakkad_District_in_2013_%28cropped%29.jpg/500px-E._T._Muhammed_Basheer%2C_MP_in_Palakkad_District_in_2013_%28cropped%29.jpg
Kerala,Ponnani,M. P. Abdussamad Samadani,M. P. Abdussamad Samadani,Indian Union Muslim League,https://upload.wikimedia.org/wikipedia/commons/thumb/e/ef/Mp_abdussamad_samadani.jpg/500px-Mp_abdussamad_samadani.jpg
Kerala,Palakkad,V. K. Sreekandan,V. K. Sreekandan,Indian National Congress,
Kerala,Alathur,K. Radhakrishnan,K. Radhakrishnan (politician),Communist Party of India (Marxist),https://upload.wikimedia.org/wikipedia/commons/thumb/1/1c/Radakrishnan.jpeg/500px-Radakrishnan.jpeg
Kerala,Thrissur,Suresh Gopi,Suresh Gopi,Bharatiya Janata Party,https://upload.wikimedia.org/wikipedia/commons/thumb/3/36/H20250927192514.jpg/500px-H20250927192514.jpg
Kerala,Chalakudy,Benny Behanan,Benny Behanan,Indian National Congress,https://upload.wikimedia.org/wikipedia/commons/thumb/9/99/Benny_Behanan_BNC.jpg/500px-Benny_Behanan_BNC.jpg
Kerala,Ernakulam,Hibi Eden,Hibi Eden,Indian National Congress,https://upload.wikimedia.org/wikipedia/commons/thumb/f/f5/Hibi_Eden.jpg/500px-Hibi_Eden.jpg
Kerala,Idukki,Dean Kuriakose,Dean Kuriakose,Indian National Congress,https://upload.wikimedia.org/wikipedia/commons/thumb/e/e2/Youth_Congress_Kerala-_Dean_Kuryakose_MP_%28cropped%29.JPG/500px-Youth_Congress_Kerala-_Dean_Kuryakose_MP_%28cropped%29.JPG
Kerala,Kottayam,Francis George,Francis George (politician),Kerala Congress,https://upload.wikimedia.org/wikipedia/commons/thumb/d/dd/Francis_George_at_Arakuzha.JPG/500px-Francis_George_at_Arakuzha.JPG
Kerala,Alappuzha,K. C. Venugopal,K. C. Venugopal,Indian National Congress,https://upload.wikimedia.org/wikipedia/commons/thumb/0/01/K.C._Venugopal.JPG/500px-K.C._Venugopal.JPG
Kerala,Mavelikara,Kodikkunnil Suresh,Kodikkunnil Suresh,Indian National Congress,https://upload.wikimedia.org/wikipedia/commons/thumb/a/a1/%E0%B4%95%E0%B5%8A%E0%B4%9F%E0%B4%BF%E0%B4%95%E0%B5%8D%E0%B4%95%E0%B5%81%E0%B4%A8%E0%B5%8D%E0%B4%A8%E0%B4%BF%E0%B5%BD_%E0%B4%B8%E0%B5%81%E0%B4%B0%E0%B5%87%E0%B4%B7%E0%B5%8D.jpg/500px-%E0%B4%95%E0%B5%8A%E0%B4%9F%E0%B4%BF%E0%B4%95%E0%B5%8D%E0%B4%95%E0%B5%81%E0%B4%A8%E0%B5%8D%E0%B4%A8%E0%B4%BF%E0%B5%BD_%E0%B4%B8%E0%B5%81%E0%B4%B0%E0%B5%87%E0%B4%B7%E0%B5%8D.jpg
Kerala,Pathanamthitta,Anto Antony,Anto Antony,Indian National Congress,https://upload.wikimedia.org/wikipedia/commons/thumb/b/b9/Anto_Antony_MP_Pathanamthitta.jpg/500px-Anto_Antony_MP_Pathanamthitta.jpg
Kerala,Kollam,N. K. Premachandran,N. K. Premachandran,Revolutionary Socialist Party (India),https://upload.wikimedia.org/wikipedia/commons/thumb/f/f0/NK_PREMACHANDRAN.rotated.rotated.jpg/500px-NK_PREMACHANDRAN.rotated.rotated.jpg
Kerala,Attingal,Adoor Prakash,Adoor Prakash,Indian National Congress,https://upload.wikimedia.org/wikipedia/en/b/bf/Adoor_Prakash.jpg
Kerala,Thiruvananthapuram,Shashi Tharoor,Shashi Tharoor,Indian National Congress,https://upload.wikimedia.org/wikipedia/commons/thumb/e/e6/Shashi_Tharoor_2025.jpg/500px-Shashi_Tharoor_2025.jpg
Ladakh,Ladakh,Mohmad Haneefa,Mohmad Haneefa,Independent,https://upload.wikimedia.org/wikipedia/commons/a/ac/Mohmad_Haneefa_Jan.jpg
Lakshadweep,Lakshadweep,Muhammed Hamdulla Sayeed,Muhammed Hamdulla Sayeed,Indian National Congress,
Madhya Pradesh,Morena,Shivmangal Singh Tomar,Shivmangal Singh Tomar,Bharatiya Janata Party,
Madhya Pradesh,Bhind,Sandhya Ray,Sandhya Ray,Bharatiya Janata Party,https://upload.wikimedia.org/wikipedia/commons/7/7f/Sandhya_Ray_Lok_Sabha_MP_%28cropped%29.jpg
Madhya Pradesh,Gwalior,Bharat Singh Kushwah,Bharat Singh Kushwah,Bharatiya Janata Party,https://upload.wikimedia.org/wikipedia/commons/thumb/4/45/Bharat_Singh_Kushwah.jpg/500px-Bharat_Singh_Kushwah.jpg
Madhya Pradesh,Guna,Jyotiraditya Scindia,Jyotiraditya Scindia,Bharatiya Janata Party,https://upload.wikimedia.org/wikipedia/commons/thumb/b/b8/H20250428182531.jpg/500px-H20250428182531.jpg
Madhya Pradesh,Sagar,Lata Wankhede,Lata Wankhede,Bharatiya Janata Party,
Madhya Pradesh,Tikamgarh,Virendra Kumar Khatik,Virendra Kumar Khatik,Bharatiya Janata Party,https://upload.wikimedia.org/wikipedia/commons/a/a1/Virendra_Kumar_Khatik_with_PM_Modi_%28cropped%29.jpg
Madhya Pradesh,Damoh,Rahul Lodhi,Rahul Lodhi,Bharatiya Janata Party,
Madhya Pradesh,Khajuraho,V. D. Sharma,V. D. Sharma,Bharatiya Janata Party,https://upload.wikimedia.org/wikipedia/commons/thumb/e/e9/Vishnu_Datt_Sharma_at_Khajuraho_Dance_Festival_2026.jpg/500px-Vishnu_Datt_Sharma_at_Khajuraho_Dance_Festival_2026.jpg
Madhya Pradesh,Satna,Ganesh Singh,Ganesh Singh,Bharatiya Janata Party,
Madhya Pradesh,Rewa,Janardan Mishra,Janardan Mishra,Bharatiya Janata Party,
Madhya Pradesh,Sidhi,Rajesh Mishra,Rajesh Mishra,Bharatiya Janata Party,
Madhya Pradesh,Shahdol,Himadri Singh,Himadri Singh,Bharatiya Janata Party,
Madhya Pradesh,Jabalpur,Ashish Dubey,Ashish Dubey,Bharatiya Janata Party,
Madhya Pradesh,Mandla,Faggan Singh Kulaste,Faggan Singh Kulaste,Bharatiya Janata Party,https://upload.wikimedia.org/wikipedia/commons/0/02/Shri_Faggan_Singh_Kulaste_taking_charge_as_the_Minister_of_State_for_Steel%2C_in_New_Delhi_on_May_31%2C_2019_%28cropped%29.jpg
Madhya Pradesh,Balaghat,Bharti Pardhi,Bharti Pardhi,Bharatiya Janata Party,https://upload.wikimedia.org/wikipedia/commons/1/17/Bharti_Pardhi%2C_Member_of_18th_Lok_Sabha_along_at_Rashtrapati_Bhavan_%28cropped%29.jpg
Madhya Pradesh,Chhindwara,Vivek Kumar Sahu,Vivek Kumar Sahu,Bharatiya Janata Party,https://upload.wikimedia.org/wikipedia/commons/thumb/d/de/Vivek_Bunty_Sahu.jpg/500px-Vivek_Bunty_Sahu.jpg
Madhya Pradesh,Hoshangabad,Darshan Singh Choudhary,Darshan Singh Choudhary,Bharatiya Janata Party,https://upload.wikimedia.org/wikipedia/commons/c/ce/Darshan_Singh_Choudhary.jpg
Madhya Pradesh,Vidisha,Shivraj Singh Chauhan,Shivraj Singh Chauhan,Bharatiya Janata Party,https://upload.wikimedia.org/wikipedia/commons/b/b8/Shivraj_Singh_Chouhan_2025.jpg
Madhya Pradesh,Bhopal,Alok Sharma,Alok Sharma (Indian politician),Bharatiya Janata Party,
Madhya Pradesh,Rajgarh,Rodmal Nagar,Rodmal Nagar,Bharatiya Janata Party,
Madhya Pradesh,Dewas,Mahendra Solanki,Mahendra Solanki,Bharatiya Janata Party,
Madhya Pradesh,Ujjain,Anil Firojiya,Anil Firojiya,Bharatiya Janata Party,
Madhya Pradesh,Mandsaur,Sudhir Gupta,Sudhir Gupta,Bharatiya Janata Party,https://upload.wikimedia.org/wikipedia/commons/0/00/SudhirGupta.jpg
Madhya Pradesh,Ratlam,Anita Nagar Singh Chouhan,Anita Nagar Singh Chouhan,Bharatiya Janata Party,
Madhya Pradesh,Dhar,Savitri Thakur,Savitri Thakur,Bharatiya Janata Party,https://upload.wikimedia.org/wikipedia/commons/thumb/f/fb/Savitri_Thakur_Minister.jpg/500px-Savitri_Thakur_Minister.jpg
Madhya Pradesh,Indore,Shankar Lalwani,Shankar Lalwani,Bharatiya Janata Party,https://upload.wikimedia.org/wikipedia/commons/thumb/f/f4/Shri_Shankar_Lalwani.jpg/500px-Shri_Shankar_Lalwani.jpg
Madhya Pradesh,Khargone,Gajendra Patel,Gajendra Patel,Bharatiya Janata Party,
Madhya Pradesh,Khandwa,Gyaneswar Patil,Gyaneswar Patil,Bharatiya Janata Party,
Madhya Pradesh,Betul,Durga Das Uikey,Durga Das Uikey,Bharatiya Janata Party,https://upload.wikimedia.org/wikipedia/commons/thumb/a/a7/Durga_Das_Uikey_2024_%28cropped%29.jpg/500px-Durga_Das_Uikey_2024_%28cropped%29.jpg
Maharashtra,Nandurbar,Gowaal Kagada Padavi,Gowaal Kagada Padavi,Indian National Congress,
Maharashtra,Dhule,Bachhav Shobha Dinesh,Bachhav Shobha Dinesh,Indian National Congress,
Maharashtra,Jalgaon,Smita Wagh,Smita Wagh,Bharatiya Janata Party,
Maharashtra,Raver,Raksha Khadse,Raksha Khadse,Bharatiya Janata Party,https://upload.wikimedia.org/wikipedia/commons/thumb/0/0a/Raksha_Nikhil_Khadse_assumed_charge_as_the_Minister_of_State_for_Youth_Affairs_and_Sports_%28cropped%29.jpg/500px-Raksha_Nikhil_Khadse_assumed_charge_as_the_Minister_of_State_for_Youth_Affairs_and_Sports_%28cropped%29.jpg
Maharashtra,Buldhana,Prataprao Jadhav,Prataprao Jadhav,Shiv Sena (2022–present),https://upload.wikimedia.org/wikipedia/commons/thumb/f/fc/Prataprao_Jadhav_%28cropped%29.jpg/500px-Prataprao_Jadhav_%28cropped%29.jpg
Maharashtra,Akola,Anup Dhotre,Anup Dhotre,Bharatiya Janata Party,
Maharashtra,Amravati,Balwant Wankhade,Balwant Baswant Wankhade,Indian National Congress,
Maharashtra,Wardha,Amar Kale,Amar Sharadrao Kale,Nationalist Congress Party (Sharadchandra Pawar),
Maharashtra,Ramtek,Shyamkumar (Bablu) Barve,Shyamkumar Barve,Indian National Congress,https://upload.wikimedia.org/wikipedia/commons/c/c9/Shyamkumar_Barve.png
Maharashtra,Nagpur,Nitin Gadkari,Nitin Gadkari,Bharatiya Janata Party,https://upload.wikimedia.org/wikipedia/commons/thumb/8/8c/Nitin_Jairam_Gadkari.jpg/500px-Nitin_Jairam_Gadkari.jpg
Maharashtra,Bhandara–Gondiya,Prashant Padole,Prashant Yadaorao Padole,Indian National Congress,
Maharashtra,Gadchiroli–Chimur,Namdeo Kirsan,Namdeo Kirsan,Indian National Congress,
Maharashtra,Chandrapur,Pratibha Dhanorkar,Pratibha Dhanorkar,Indian National Congress,
Maharashtra,Yavatmal–Washim,Sanjay Deshmukh,Sanjay Deshmukh,Shiv Sena (2022–present),https://upload.wikimedia.org/wikipedia/commons/thumb/3/38/Sanjay_Uttamrao_Deshmukh_Election_2021_jpg.jpg/500px-Sanjay_Uttamrao_Deshmukh_Election_2021_jpg.jpg
Maharashtra,Hingoli,Nagesh Aashtikar Patil,Nagesh Bapurao Patil Ashtikar,Shiv Sena (2022–present),https://upload.wikimedia.org/wikipedia/en/9/91/Nagesh_Patil.jpeg
Maharashtra,Nanded,Vasantrao Balwantrao Chavan,Vasantrao Balwantrao Chavan,Indian National Congress,
Maharashtra,Parbhani,Sanjay Jadhav,Sanjay Haribhau Jadhav,Shiv Sena (2022–present),
Maharashtra,Jalna,Kalyan Kale,Kalyan Kale,Indian National Congress,
Maharashtra,Aurangabad,Sandipanrao Bhumre,Sandipanrao Bhumre,Shiv Sena (2022–present),
Maharashtra,Dindori,Bhaskar Bhagare,Bhaskar Bhagare,Nationalist Congress Party (Sharadchandra Pawar),https://upload.wikimedia.org/wikipedia/commons/thumb/a/a4/MP_Bhaskar_Bhagare_at_Orizen_Dental_Clinic_Inauguration.jpg/500px-MP_Bhaskar_Bhagare_at_Orizen_Dental_Clinic_Inauguration.jpg
Maharashtra,Nashik,Rajabhau Waje,Rajabhau Waje,Shiv Sena (UBT),https://upload.wikimedia.org/wikipedia/commons/thumb/3/3c/Rajabhau_Waje.jpg/500px-Rajabhau_Waje.jpg
Maharashtra,Palghar,Hemant Savara,Hemant Savara,Bharatiya Janata Party,
Maharashtra,Bhiwandi,Suresh Mhatre,Suresh Mhatre,Nationalist Congress Party (Sharadchandra Pawar),https://upload.wikimedia.org/wikipedia/commons/6/6a/Suresh_Mhatre_Balyamama.jpg
Maharashtra,Kalyan,Shrikant Shinde,Shrikant Shinde,Shiv Sena (2022–present),https://upload.wikimedia.org/wikipedia/commons/a/a8/Dr._Shrikant_Eknath_Shinde_in_May_2025.jpg
Maharashtra,Thane,Naresh Mhaske,Naresh Mhaske,Shiv Sena (2022–present),
Maharashtra,Mumbai North,Piyush Goyal,Piyush Goyal,Bharatiya Janata Party,https://upload.wikimedia.org/wikipedia/commons/6/63/Piyush_Goyal_crop.jpg
Maharashtra,Mumbai North West,Ravindra Waikar,Ravindra Waikar,Shiv Sena (2022–present),
Maharashtra,Mumbai North East,Sanjay Dina Patil,Sanjay Dina Patil,Shiv Sena (2022–present),
Maharashtra,Mumbai North Central,Varsha Gaikwad,Varsha Gaikwad,Indian National Congress,https://upload.wikimedia.org/wikipedia/commons/thumb/8/84/The_Minister_of_State_for_Women_and_Child_Development%2C_Maharashtra%2C_Prof._Varsha_Gaikwad_calls_on_the_Minister_of_State_%28Independent_Charge%29_for_Women_and_Child_Development%2C_Smt._Krishna_Tirath%2C_in_New_Delhi.jpg/500px-thumbnail.jpg
Maharashtra,Mumbai South Central,Anil Desai,Anil Desai,Shiv Sena (UBT),
Maharashtra,Mumbai South,Arvind Sawant,Arvind Sawant,Shiv Sena (UBT),https://upload.wikimedia.org/wikipedia/commons/thumb/0/07/Arvind_Sawant_%28cropped%29.jpg/500px-Arvind_Sawant_%28cropped%29.jpg
Maharashtra,Raigad,Sunil Tatkare,Sunil Tatkare,Nationalist Congress Party,https://upload.wikimedia.org/wikipedia/commons/thumb/3/3d/SDT_1.jpg/500px-SDT_1.jpg
Maharashtra,Maval,Shrirang Barne,Shrirang Barne,Shiv Sena (2022–present),
Maharashtra,Pune,Murlidhar Mohol,Murlidhar Mohol,Bharatiya Janata Party,https://upload.wikimedia.org/wikipedia/commons/5/55/Murlidhar_Mohol.jpg
Maharashtra,Baramati,Supriya Sule,Supriya Sule,Nationalist Congress Party (Sharadchandra Pawar),https://upload.wikimedia.org/wikipedia/commons/0/07/Supriya_Sule.png
Maharashtra,Shirur,Amol Kolhe,Amol Kolhe,Nationalist Congress Party (Sharadchandra Pawar),https://upload.wikimedia.org/wikipedia/commons/thumb/6/61/Amolkolhe.png/500px-Amolkolhe.png
Maharashtra,Ahmednagar,Nilesh Lanke,Nilesh Dnyandev Lanke,Nationalist Congress Party (Sharadchandra Pawar),https://upload.wikimedia.org/wikipedia/commons/thumb/1/15/Nilesh_Lanke_photo.jpg/500px-Nilesh_Lanke_photo.jpg
Maharashtra,Shirdi,Bhausaheb Wakchaure,Bhausaheb Rajaram Wakchaure,Shiv Sena (2022–present),
Maharashtra,Beed,Bajrang Sonwane,Bajrang Manohar Sonwane,Nationalist Congress Party (Sharadchandra Pawar),https://upload.wikimedia.org/wikipedia/commons/thumb/d/d1/Bajrang_sonwane_from_beed.jpg/500px-Bajrang_sonwane_from_beed.jpg
Maharashtra,Osmanabad,Omprakash Rajenimbalkar,Omprakash Rajenimbalkar,Shiv Sena (2022–present),
Maharashtra,Latur,Shivaji Kalge,Kalge Shivaji Bandappa,Indian National Congress,
Maharashtra,Solapur,Praniti Shinde,Praniti Shinde,Indian National Congress,https://upload.wikimedia.org/wikipedia/commons/4/47/Praniti_Shinde.jpg
Maharashtra,Madha,Dhairyasheel Mohite Patil,Dhairyasheel Patil,Nationalist Congress Party (Sharadchandra Pawar),
Maharashtra,Sangli,Vishal Patil,Vishal Patil,Independent,https://upload.wikimedia.org/wikipedia/commons/thumb/a/af/MP_Vishal_Patil.jpg/500px-MP_Vishal_Patil.jpg
Maharashtra,Satara,Udayanraje Bhosale,Udayanraje Bhosale,Bharatiya Janata Party,https://upload.wikimedia.org/wikipedia/commons/b/b0/Udayraje_Bhosale.jpg
Maharashtra,Ratnagiri–Sindhudurg,Narayan Rane,Narayan Rane,Bharatiya Janata Party,https://upload.wikimedia.org/wikipedia/commons/thumb/7/73/Narayan_Rane_with_PM_Modi_%28cropped%29.jpg/500px-Narayan_Rane_with_PM_Modi_%28cropped%29.jpg
Maharashtra,Kolhapur,Chhatrapati Shahu Maharaj,Shahu II of Kolhapur,Indian National Congress,
Maharashtra,Hatkanangle,Dhairyasheel Mane,Dhairyasheel Sambhajirao Mane,Shiv Sena (2022–present),
Manipur,Inner Manipur,Angomcha Bimol Akoijam,Angomcha Bimol Akoijam,Indian National Congress,
Manipur,Outer Manipur,Alfred Kan-Ngam Arthur,Alfred Kan-Ngam Arthur,Indian National Congress,
Meghalaya,Shillong,Ricky A. J. Syngkon,Ricky A. J. Syngkon,Voice of the People Party (Meghalaya),
Meghalaya,Tura,Saleng A. Sangma,Saleng A. Sangma,Indian National Congress,
Mizoram,Mizoram,Richard Vanlalhmangaiha,Richard Vanlalhmangaiha,Zoram People's Movement,https://upload.wikimedia.org/wikipedia/commons/6/64/Richard_Vanlalhmangaiha.jpeg
Nagaland,Nagaland,S. Supongmeren Jamir,S. Supongmeren Jamir,Indian National Congress,https://upload.wikimedia.org/wikipedia/commons/d/d8/S._Supongmeren_Jamir.jpg
Odisha,Bargarh,Pradip Purohit,Pradip Purohit,Bharatiya Janata Party,https://upload.wikimedia.org/wikipedia/commons/2/2b/Pradeep_Purohit_MP_2024.jpg
Odisha,Sundargarh,Jual Oram,Jual Oram,Bharatiya Janata Party,https://upload.wikimedia.org/wikipedia/commons/thumb/d/d6/Jual_Oram_Tribal_Affairs_Minister.jpg/500px-Jual_Oram_Tribal_Affairs_Minister.jpg
Odisha,Sambalpur,Dharmendra Pradhan,Dharmendra Pradhan,Bharatiya Janata Party,https://upload.wikimedia.org/wikipedia/commons/thumb/d/d3/Dharmendra_Pradhan%2C_Minister_of_Education.jpg/500px-Dharmendra_Pradhan%2C_Minister_of_Education.jpg
Odisha,Keonjhar,Ananta Nayak,Ananta Nayak,Bharatiya Janata Party,https://upload.wikimedia.org/wikipedia/commons/e/e2/Ananta_Nayak_MP_2024.jpg
Odisha,Mayurbhanj,Naba Charan Majhi,Naba Charan Majhi,Bharatiya Janata Party,
Odisha,Balasore,Pratap Chandra Sarangi,Pratap Chandra Sarangi,Bharatiya Janata Party,https://upload.wikimedia.org/wikipedia/commons/thumb/f/f5/Pratap_Chandra_Sarangi.jpg/500px-Pratap_Chandra_Sarangi.jpg
Odisha,Bhadrak,Avimanyu Sethi,Avimanyu Sethi,Bharatiya Janata Party,https://upload.wikimedia.org/wikipedia/commons/b/bc/Avimanyu_Sethi_MP_2024.jpg
Odisha,Jajpur,Rabindra Narayan Behera,Rabindra Narayan Behera,Bharatiya Janata Party,https://upload.wikimedia.org/wikipedia/commons/a/a5/Rabindra_Narayan_Behera_MP_2024.jpg
Odisha,Dhenkanal,Rudra Narayan Pany,Rudra Narayan Pany,Bharatiya Janata Party,https://upload.wikimedia.org/wikipedia/commons/d/df/Rudra_Narayan_Pany_MP_2024.jpg
Odisha,Bolangir,Sangeeta Kumari Singh Deo,Sangeeta Kumari Singh Deo,Bharatiya Janata Party,https://upload.wikimedia.org/wikipedia/commons/6/6f/Sangeeta_Singh_Deo%2C_Member_of_Lok_Sabha_from_Bolangir%2C_Odisha.jpg
Odisha,Kalahandi,Malvika Devi,Malvika Devi,Bharatiya Janata Party,https://upload.wikimedia.org/wikipedia/commons/thumb/e/ef/Malvika_Devi_meeting_with_the_President_of_India%2C_Droupadi_Murmu_%282024%29_%28cropped%29.jpg/500px-Malvika_Devi_meeting_with_the_President_of_India%2C_Droupadi_Murmu_%282024%29_%28cropped%29.jpg
Odisha,Nabarangpur,Balabhadra Majhi,Balabhadra Majhi,Bharatiya Janata Party,https://upload.wikimedia.org/wikipedia/commons/e/e8/Balabhadra_Majhi_MP_2024.jpg
Odisha,Kandhamal,Sukanta Kumar Panigrahi,Sukanta Kumar Panigrahi,Bharatiya Janata Party,https://upload.wikimedia.org/wikipedia/commons/0/0c/Sukanta_Kumar_Panigrahi_MP_2024.jpg
Odisha,Cuttack,Bhartruhari Mahtab,Bhartruhari Mahtab,Bharatiya Janata Party,https://upload.wikimedia.org/wikipedia/commons/2/2f/Bhartruhari_Mahtab_MP_2024.jpg
Odisha,Kendrapara,Baijayant Panda,Baijayant Panda,Bharatiya Janata Party,
Odisha,Jagatsinghpur,Bibhu Prasad Tarai,Bibhu Prasad Tarai,Bharatiya Janata Party,https://upload.wikimedia.org/wikipedia/commons/6/6d/Bibhu_Prasad_Tarai_MP_2024.jpg
Odisha,Puri,Sambit Patra,Sambit Patra,Bharatiya Janata Party,https://upload.wikimedia.org/wikipedia/commons/a/ad/Sambit_Patra_MP_2024.jpg
Odisha,Bhubaneswar,Aparajita Sarangi,Aparajita Sarangi,Bharatiya Janata Party,https://upload.wikimedia.org/wikipedia/commons/thumb/8/8e/Aparajita_Sarangi%2C_MP_%28Lok_Sabha%29_meeting_with_the_President_of_India%2C_Smt._Droupadi_Murmu_at_Rashtrapati_Bhavan_%28cropped%29.jpg/500px-Aparajita_Sarangi%2C_MP_%28Lok_Sabha%29_meeting_with_the_President_of_India%2C_Smt._Droupadi_Murmu_at_Rashtrapati_Bhavan_%28cropped%29.jpg
Odisha,Aska,Anita Subhadarshini,Anita Subhadarshini,Bharatiya Janata Party,
Odisha,Berhampur,Pradeep Kumar Panigrahy,Pradeep Kumar Panigrahy,Bharatiya Janata Party,
Odisha,Koraput,Saptagiri Sankar Ulaka,Saptagiri Sankar Ulaka,Indian National Congress,https://upload.wikimedia.org/wikipedia/commons/thumb/f/f6/Saptagiri_Ulaka_2025_Koraput.png/500px-Saptagiri_Ulaka_2025_Koraput.png
Puducherry,Puducherry,V. Vaithilingam,V. Vaithilingam,Indian National Congress,https://upload.wikimedia.org/wikipedia/commons/thumb/5/55/Vaithilingam.jpg/500px-Vaithilingam.jpg
Punjab,Gurdaspur,Sukhjinder Singh Randhawa,Sukhjinder Singh Randhawa,Indian National Congress,https://upload.wikimedia.org/wikipedia/commons/thumb/b/bd/Sukhjinder_Singh_Randhawa.jpg/500px-Sukhjinder_Singh_Randhawa.jpg
Punjab,Amritsar,Gurjeet Singh Aujla,Gurjeet Singh Aujla,Indian National Congress,https://upload.wikimedia.org/wikipedia/commons/thumb/1/11/Gurjeet_Singh_Aujla_-_Kolkata_2017-07-10_3378.JPG/500px-Gurjeet_Singh_Aujla_-_Kolkata_2017-07-10_3378.JPG
Punjab,Khadoor Sahib,Amritpal Singh,Amritpal Singh,Akali Dal (Waris Punjab De),https://upload.wikimedia.org/wikipedia/commons/thumb/1/19/Amritpal_Singh_Jallupur.jpg/500px-Amritpal_Singh_Jallupur.jpg
Punjab,Jalandhar,Charanjit Singh Channi,Charanjit Singh Channi,Indian National Congress,https://upload.wikimedia.org/wikipedia/commons/0/0c/Channi.jpg
Punjab,Hoshiarpur,Raj Kumar Chabbewal,Raj Kumar Chabbewal,Aam Aadmi Party,
Punjab,Anandpur Sahib,Malwinder Singh Kang,Malwinder Singh Kang,Aam Aadmi Party,
Punjab,Ludhiana,Amrinder Singh Raja Warring,Amrinder Singh Raja Warring,Indian National Congress,https://upload.wikimedia.org/wikipedia/commons/thumb/4/46/Amrinder_Singh_Raja_Warring.jpg/500px-Amrinder_Singh_Raja_Warring.jpg
Punjab,Fatehgarh Sahib,Amar Singh,Amar Singh (Punjab politician),Indian National Congress,
Punjab,Faridkot,Sarabjeet Singh Khalsa,Sarabjeet Singh Khalsa,Akali Dal (Waris Punjab De),
Punjab,Firozpur,Sher Singh Ghubaya,Sher Singh Ghubaya,Indian National Congress,
Punjab,Bathinda,Harsimrat Kaur Badal,Harsimrat Kaur Badal,Shiromani Akali Dal,https://upload.wikimedia.org/wikipedia/commons/thumb/d/db/Harsimrat_Kaur_Badal.jpg/500px-Harsimrat_Kaur_Badal.jpg
Punjab,Sangrur,Gurmeet Singh Meet Hayer,Gurmeet Singh Meet Hayer,Aam Aadmi Party,https://upload.wikimedia.org/wikipedia/commons/thumb/f/ff/Meet_Hayer_L1.jpg/500px-Meet_Hayer_L1.jpg
Punjab,Patiala,Dharamvir Gandhi,Dharamvir Gandhi,Indian National Congress,https://upload.wikimedia.org/wikipedia/commons/thumb/7/7f/Dharamvir_Gandhi.png/500px-Dharamvir_Gandhi.png
Rajasthan,Ganganagar,Kuldeep Indora,Kuldeep Indora,Indian National Congress,
Rajasthan,Bikaner,Arjun Ram Meghwal,Arjun Ram Meghwal,Bharatiya Janata Party,https://upload.wikimedia.org/wikipedia/commons/thumb/0/03/Shri_Arjun_Ram_Meghwal.jpg/500px-Shri_Arjun_Ram_Meghwal.jpg
Rajasthan,Churu,Rahul Kaswan,Rahul Kaswan,Indian National Congress,https://upload.wikimedia.org/wikipedia/commons/thumb/e/ee/Rahul_Kaswan_MP_Loksabha_from_Churu.jpg/500px-Rahul_Kaswan_MP_Loksabha_from_Churu.jpg
Rajasthan,Jhunjhunu,Brijendra Singh Ola,Brijendra Singh Ola,Indian National Congress,
Rajasthan,Sikar,Amra Ram,Amra Ram,Communist Party of India (Marxist),https://upload.wikimedia.org/wikipedia/commons/thumb/4/45/Amra_Ram.jpg/500px-Amra_Ram.jpg
Rajasthan,Jaipur Rural,Rao Rajendra Singh,Rao Rajendra Singh,Bharatiya Janata Party,
Rajasthan,Jaipur,Manju Sharma,Manju Sharma (politician),Bharatiya Janata Party,
Rajasthan,Alwar,Bhupender Yadav,Bhupender Yadav,Bharatiya Janata Party,https://upload.wikimedia.org/wikipedia/commons/thumb/e/ef/Union_Minister_Bhupender_Yadav.jpg/500px-Union_Minister_Bhupender_Yadav.jpg
Rajasthan,Bharatpur,Sanjana Jatav,Sanjana Jatav,Indian National Congress,
Rajasthan,Karauli–Dholpur,Bhajan Lal Jatav,Bhajan Lal Jatav,Indian National Congress,https://upload.wikimedia.org/wikipedia/commons/c/ca/Bhajanlal_Jatav.jpg
Rajasthan,Dausa,Murari Lal Meena,Murari Lal Meena,Indian National Congress,
Rajasthan,Tonk–Sawai Madhopur,Harish Meena,Harish Meena,Indian National Congress,https://upload.wikimedia.org/wikipedia/commons/thumb/f/f0/Harish_meena.png/500px-Harish_meena.png
Rajasthan,Ajmer,Bhagirath Chaudhary,Bhagirath Chaudhary,Bharatiya Janata Party,https://upload.wikimedia.org/wikipedia/commons/d/dd/Ministers_of_State_for_Agriculture_and_farmers_Welfare_Shri_Bhagirath_Choudhary.jpg
Rajasthan,Nagaur,Hanuman Beniwal,Hanuman Beniwal,Rashtriya Loktantrik Party,https://upload.wikimedia.org/wikipedia/commons/thumb/8/84/Hanuman_Beniwal_in_2024.jpg/500px-Hanuman_Beniwal_in_2024.jpg
Rajasthan,Pali,P. P. Chaudhary,P. P. Chaudhary,Bharatiya Janata Party,https://upload.wikimedia.org/wikipedia/commons/4/45/PP_CHAUDHARY_IMAGE.jpg
Rajasthan,Jodhpur,Gajendra Singh Shekhawat,Gajendra Singh Shekhawat,Bharatiya Janata Party,https://upload.wikimedia.org/wikipedia/commons/thumb/4/46/The_Union_Minister_of_Culture_and_Tourism%2C_Shri_Gajendra_Singh_Shekhawat_addressing_at_the_inauguration_of_the_7th_Edition_of_the_International_Hospitality_Expo._2024_at_Greater_Noida%2C_in_Uttar_Pradesh_on_August_03%2C_2024_%28cropped%29.jpg/500px-thumbnail.jpg
Rajasthan,Barmer,Ummeda Ram Beniwal,Ummeda Ram Beniwal,Indian National Congress,https://upload.wikimedia.org/wikipedia/commons/thumb/8/8f/Ummeda_Ram_Beniwal.jpg/500px-Ummeda_Ram_Beniwal.jpg
Rajasthan,Jalore,Lumbaram Choudhary,Lumbaram Choudhary,Bharatiya Janata Party,
Rajasthan,Udaipur,Manna Lal Rawat,Manna Lal Rawat,Bharatiya Janata Party,https://upload.wikimedia.org/wikipedia/commons/thumb/7/75/Dr_Manna_Lal_Rawat.jpg/500px-Dr_Manna_Lal_Rawat.jpg
Rajasthan,Banswara,Rajkumar Roat,Rajkumar Roat,Bharat Adivasi Party,https://upload.wikimedia.org/wikipedia/commons/thumb/7/7d/Rajkumar_Roat.jpg/500px-Rajkumar_Roat.jpg
Rajasthan,Chittorgarh,Chandra Prakash Joshi,Chandra Prakash Joshi,Bharatiya Janata Party,https://upload.wikimedia.org/wikipedia/en/thumb/c/c1/CPJOSHIJI.jpg/500px-CPJOSHIJI.jpg
Rajasthan,Rajsamand,Mahima Kumari Mewar,Mahima Kumari Mewar,Bharatiya Janata Party,
Rajasthan,Bhilwara,Damodar Agarwal,Damodar Agarwal,Bharatiya Janata Party,
Rajasthan,Kota,Om Birla,Om Birla,Bharatiya Janata Party,https://upload.wikimedia.org/wikipedia/commons/thumb/a/a8/Om_Birla_%282021%29_%28cropped%29.jpg/500px-Om_Birla_%282021%29_%28cropped%29.jpg
Rajasthan,Jhalawar–Baran,Dushyant Singh,Dushyant Singh,Bharatiya Janata Party,
Sikkim,Sikkim,Indra Hang Subba,Indra Hang Subba,Sikkim Krantikari Morcha,
Tamil Nadu,Thiruvallur,Sasikanth Senthil,Sasikanth Senthil (politician),Indian National Congress,
Tamil Nadu,Chennai North,Kalanidhi Veeraswamy,Kalanidhi Veeraswamy,Dravida Munnetra Kazhagam,
Tamil Nadu,Chennai South,Tamizhachi Thangapandian,Thamizhachi Thangapandian,Dravida Munnetra Kazhagam,https://upload.wikimedia.org/wikipedia/commons/thumb/f/f7/Thamizhachi_Thangapandian.jpg/500px-Thamizhachi_Thangapandian.jpg
Tamil Nadu,Chennai Central,Dayanidhi Maran,Dayanidhi Maran,Dravida Munnetra Kazhagam,https://upload.wikimedia.org/wikipedia/commons/thumb/1/1c/Dayanidhi_Maran.jpg/500px-Dayanidhi_Maran.jpg
Tamil Nadu,Sriperumbudur,T.R. Baalu,T. R. Baalu,Dravida Munnetra Kazhagam,https://upload.wikimedia.org/wikipedia/commons/thumb/f/f6/T_R_Baalu_at_his_Book_Release_2024.jpg/500px-T_R_Baalu_at_his_Book_Release_2024.jpg
Tamil Nadu,Kancheepuram,G. Selvam,G. Selvam,Dravida Munnetra Kazhagam,
Tamil Nadu,Arakkonam,S. Jagathrakshakan,S. Jagathrakshakan,Dravida Munnetra Kazhagam,https://upload.wikimedia.org/wikipedia/commons/thumb/0/04/S._Jagathrakshakan_%28cropped%29.jpg/500px-S._Jagathrakshakan_%28cropped%29.jpg
Tamil Nadu,Vellore,D.M.K. Anand,Kathir Anand,Dravida Munnetra Kazhagam,
Tamil Nadu,Krishnagiri,K. Gopinath,K. Gopinath,Indian National Congress,
Tamil Nadu,Tiruvannamalai,C.N. Annadurai,Annadurai C N,,
Tamil Nadu,Arani,M.S. Tharanivendhan,M.S. Tharanivendhan,,
Tamil Nadu,Viluppuram,Durai Ravikumar,Ravikumar (writer),Viduthalai Chiruthaigal Katchi,https://upload.wikimedia.org/wikipedia/commons/thumb/8/8a/Ravikumar_D_VCK_Photo_12022021_1200x800.jpg/500px-Ravikumar_D_VCK_Photo_12022021_1200x800.jpg
Tamil Nadu,Kallakurichi,Malaiyarasan D,Malaiyarasan D,Dravida Munnetra Kazhagam,
Tamil Nadu,Salem,T. M. Selvaganapathi,T. M. Selvaganapathi,Dravida Munnetra Kazhagam,https://upload.wikimedia.org/wikipedia/commons/7/75/T._M._Selvaganapathy.jpg
Tamil Nadu,Namakkal,V. S. Matheswaran,V. S. Matheswaran,Dravida Munnetra Kazhagam,
Tamil Nadu,Erode,K. E. Prakash,K. E. Prakash,Dravida Munnetra Kazhagam,
Tamil Nadu,Tiruppur,K. Subbarayan,K. Subbarayan,Communist Party of India,
Tamil Nadu,Nilgiris,A. Raja,A. Raja,Dravida Munnetra Kazhagam,https://upload.wikimedia.org/wikipedia/commons/thumb/c/c3/A_still_of_the_Union_Minister_for_Environment_%26_Forests%2C_Shri_A._Raja_during_a_meeting_of_Chief_Wildlife_Wardens_and_Field_Directors_of_Project_Tiger_Reserves%2C_in_New_Delhi_on_May_26%2C_2005.jpg/500px-thumbnail.jpg
Tamil Nadu,Coimbatore,Ganapathi P. Raj Kumar,Ganapathi P. Raj Kumar,Dravida Munnetra Kazhagam,
Tamil Nadu,Pollachi,Eswarasamy,Eswarasamy,Dravida Munnetra Kazhagam,
Tamil Nadu,Dindigul,R. Sachidanandam,R. Sachidanandam,Communist Party of India (Marxist),
Tamil Nadu,Karur,Jothimani,Jothimani,Indian National Congress,https://upload.wikimedia.org/wikipedia/commons/c/c8/Jothimani.jpg
Tamil Nadu,Tiruchirappalli,Durai Vaiyapuri,Durai Vaiyapuri,Marumalarchi Dravida Munnetra Kazhagam,https://upload.wikimedia.org/wikipedia/commons/2/2f/Durai_Vaiko.png
Tamil Nadu,Perambalur,Arun Nehru,Arun Nehru (Tamil Nadu politician),Dravida Munnetra Kazhagam,
Tamil Nadu,Cuddalore,M. K. Vishnu Prasad,M. K. Vishnu Prasad,Indian National Congress,https://upload.wikimedia.org/wikipedia/commons/3/31/M._K._Vishnu_Prasad.png
Tamil Nadu,Chidambaram,Thol. Thirumavalavan,Thol. Thirumavalavan,Viduthalai Chiruthaigal Katchi,https://upload.wikimedia.org/wikipedia/commons/thumb/2/2c/Dr_Thiruma_Phd.png/500px-Dr_Thiruma_Phd.png
Tamil Nadu,Mayiladuthurai,Sudha Ramakrishnan,Sudha Ramakrishnan,Indian National Congress,
Tamil Nadu,Nagapattinam,Selvaraj V,Selvaraj V,Communist Party of India,
Tamil Nadu,Thanjavur,S. Murasoli,S. Murasoli,Dravida Munnetra Kazhagam,https://upload.wikimedia.org/wikipedia/commons/f/f2/Mursoli.png
Tamil Nadu,Sivaganga,Karti Chidambaram,Karti Chidambaram,Indian National Congress,
Tamil Nadu,Madurai,S. Venkatesan,S. Venkatesan,Communist Party of India (Marxist),https://upload.wikimedia.org/wikipedia/commons/thumb/2/22/SU.VENKATESAN.JPG/500px-SU.VENKATESAN.JPG
Tamil Nadu,Theni,Thanga Tamil Selvan,Thanga Tamil Selvan,Dravida Munnetra Kazhagam,https://upload.wikimedia.org/wikipedia/commons/7/71/Thanga_Tamil_Selvan_in_2020.png
Tamil Nadu,Virudhunagar,Manickam Tagore,Manickam Tagore,Indian National Congress,https://upload.wikimedia.org/wikipedia/commons/4/4b/Manickam_Tagore.jpeg
Tamil Nadu,Ramanathapuram,Navas Kani,Kani K. Navas,Indian Union Muslim League,
Tamil Nadu,Thoothukkudi,Kanimozhi Karunanidhi,Kanimozhi,Dravida Munnetra Kazhagam,https://upload.wikimedia.org/wikipedia/commons/thumb/6/67/Kanimozhi_Karunanidhi_01.jpg/500px-Kanimozhi_Karunanidhi_01.jpg
Tamil Nadu,Tenkasi,Rani Srikumar,Rani Srikumar,Dravida Munnetra Kazhagam,
Tamil Nadu,Tirunelveli,Robert Bruce,Robert Bruce (Indian politician),Indian National Congress,
Tamil Nadu,Kanniyakumari,Vijay Vasanth,Vijay Vasanth,Indian National Congress,https://upload.wikimedia.org/wikipedia/commons/thumb/f/f3/Vijay_Vasanth_at_the_Velaikkaran_Audio_Launch.jpg/500px-Vijay_Vasanth_at_the_Velaikkaran_Audio_Launch.jpg
Telangana,Adilabad,Godam Nagesh,Godam Nagesh,Bharatiya Janata Party,
Telangana,Peddapalle,Vamsi Krishna Gaddam,Vamsi Krishna Gaddam,Indian National Congress,
Telangana,Karimnagar,Bandi Sanjay Kumar,Bandi Sanjay Kumar,Bharatiya Janata Party,https://upload.wikimedia.org/wikipedia/commons/thumb/a/ac/Sanjay_Bandi_Bjp.png/500px-Sanjay_Bandi_Bjp.png
Telangana,Nizamabad,Dharmapuri Arvind,Dharmapuri Arvind,Bharatiya Janata Party,https://upload.wikimedia.org/wikipedia/commons/thumb/e/eb/ArvindDharmapuri.jpg/500px-ArvindDharmapuri.jpg
Telangana,Zahirabad,Suresh Shetkar,Suresh Shetkar,Indian National Congress,
Telangana,Medak,Raghunandan Rao,Raghunandan Rao,Bharatiya Janata Party,
Telangana,Malkajgiri,Etela Rajender,Etela Rajender,Bharatiya Janata Party,https://upload.wikimedia.org/wikipedia/commons/thumb/b/b7/Etela_Rajendera.jpg/500px-Etela_Rajendera.jpg
Telangana,Secunderabad,G. Kishan Reddy,G. Kishan Reddy,Bharatiya Janata Party,https://upload.wikimedia.org/wikipedia/commons/thumb/5/55/G._Kishan_Reddy_in_2025.jpg/500px-G._Kishan_Reddy_in_2025.jpg
Telangana,Hyderabad,Asaduddin Owaisi,Asaduddin Owaisi,All India Majlis-e-Ittehadul Muslimeen,https://upload.wikimedia.org/wikipedia/commons/thumb/3/38/Asaduddin.jpg/500px-Asaduddin.jpg
Telangana,Chevella,Konda Vishweshwar Reddy,Konda Vishweshwar Reddy,Bharatiya Janata Party,https://upload.wikimedia.org/wikipedia/commons/thumb/7/72/Konda_Vishweshwar_Reddi.jpg/500px-Konda_Vishweshwar_Reddi.jpg
Telangana,Mahbubnagar,D. K. Aruna,D. K. Aruna,Bharatiya Janata Party,https://upload.wikimedia.org/wikipedia/commons/thumb/7/74/The_Minister_for_Information_and_Public_Relations%2C_Andhra_Pradesh%2C_Smt._D.K._Aruna_addressing_at_the_valedictory_function_of_the_18th_International_Children%E2%80%99s_Film_Festival_India%2C_in_Hyderabad_on_November_20%2C_2013.jpg/500px-thumbnail.jpg
Telangana,Nagarkurnool,Mallu Ravi,Mallu Ravi,Indian National Congress,https://upload.wikimedia.org/wikipedia/commons/thumb/d/d9/Mallu_Ravi_at_A_event_In_ravindrabharathi_1.jpg/500px-Mallu_Ravi_at_A_event_In_ravindrabharathi_1.jpg
Telangana,Nalgonda,Raghuveer Reddy Kunduru,Kunduru Raghuveer,Indian National Congress,
Telangana,Bhongir,Chamala Kiran Kumar Reddy,Chamala Kiran Kumar Reddy,Indian National Congress,https://upload.wikimedia.org/wikipedia/commons/thumb/7/71/Chamala_Kiran_Kumar_Reddy_%28cropped%29.jpg/500px-Chamala_Kiran_Kumar_Reddy_%28cropped%29.jpg
Telangana,Warangal,Kadiyam Kavya,Kadiyam Kavya,Indian National Congress,
Telangana,Mahabubabad,Balram Naik,Balram Naik,Indian National Congress,https://upload.wikimedia.org/wikipedia/commons/8/82/Porika_Balram_Naik_%28cropped%29.jpg
Telangana,Khammam,R. Raghuram Reddy,Ramasahayam Raghuram Reddy,Indian National Congress,
Tripura,Tripura West,Biplab Kumar Deb,Biplab Kumar Deb,Bharatiya Janata Party,https://upload.wikimedia.org/wikipedia/commons/thumb/8/81/Biplab_Kumar_Deb_%28cropped%29_%282%29.jpg/500px-Biplab_Kumar_Deb_%28cropped%29_%282%29.jpg
Tripura,Tripura East,Kriti Devi Debbarman,Kriti Devi Debbarman,Bharatiya Janata Party,https://upload.wikimedia.org/wikipedia/commons/thumb/4/4c/Kriti_Singh_Debbarma_2024_%28cropped%29.jpg/500px-Kriti_Singh_Debbarma_2024_%28cropped%29.jpg
Uttar Pradesh,Saharanpur,Imran Masood,Imran Masood,Indian National Congress,https://upload.wikimedia.org/wikipedia/commons/thumb/0/0a/Imran_Masood.jpg/500px-Imran_Masood.jpg
Uttar Pradesh,Kairana,Iqra Choudhary,Iqra Choudhary,Samajwadi Party,
Uttar Pradesh,Muzaffarnagar,Harendra Singh Malik,Harendra Singh Malik,Samajwadi Party,
Uttar Pradesh,Bijnor,Chandan Chauhan,Chandan Chauhan,Rashtriya Lok Dal,
Uttar Pradesh,Nagina,Chandrashekhar Azad,Chandrashekhar Azad (politician),Aazad Samaj Party (Kanshi Ram),https://upload.wikimedia.org/wikipedia/commons/thumb/7/76/Chandrashekhar_Azad_Ravan_%28cropped%29.jpg/500px-Chandrashekhar_Azad_Ravan_%28cropped%29.jpg
Uttar Pradesh,Moradabad,Ruchi Veera,Ruchi Veera,Samajwadi Party,
Uttar Pradesh,Rampur,Mohibbullah Nadvi,Mohibbullah Nadvi,Samajwadi Party,
Uttar Pradesh,Sambhal,Zia ur Rahman Barq,Zia ur Rahman Barq,Samajwadi Party,
Uttar Pradesh,Amroha,Kanwar Singh Tanwar,Kanwar Singh Tanwar,Bharatiya Janata Party,https://upload.wikimedia.org/wikipedia/commons/3/3d/Kanwar_Singh_Tanwar.jpg
Uttar Pradesh,Meerut,Arun Govil,Arun Govil,Bharatiya Janata Party,https://upload.wikimedia.org/wikipedia/commons/6/6e/Arun_Govil.jpg
Uttar Pradesh,Baghpat,Rajkumar Sangwan,Rajkumar Sangwan,Rashtriya Lok Dal,
Uttar Pradesh,Ghaziabad,Atul Garg,Atul Garg,Bharatiya Janata Party,
Uttar Pradesh,Gautam Buddha Nagar,Mahesh Sharma,Mahesh Sharma,Bharatiya Janata Party,https://upload.wikimedia.org/wikipedia/commons/thumb/0/0e/Dr._Mahesh_Sharma_taking_charge_as_the_Minister_of_State_for_%28Independent_Charge%29_Tourism%2C_in_New_Delhi_on_November_12%2C_2014_%28cropped%29.jpg/500px-Dr._Mahesh_Sharma_taking_charge_as_the_Minister_of_State_for_%28Independent_Charge%29_Tourism%2C_in_New_Delhi_on_November_12%2C_2014_%28cropped%29.jpg
Uttar Pradesh,Bulandshahr,Bhola Singh,Bhola Singh (Uttar Pradesh politician),Bharatiya Janata Party,
Uttar Pradesh,Aligarh,Satish Kumar Gautam,Satish Kumar Gautam,Bharatiya Janata Party,https://upload.wikimedia.org/wikipedia/commons/thumb/6/6e/Satish_Kumar_Gautam%2C_MP%2C_Loksabha_Aligarh.jpg/500px-Satish_Kumar_Gautam%2C_MP%2C_Loksabha_Aligarh.jpg
Uttar Pradesh,Hathras,Anoop Pradhan,Anoop Pradhan,Bharatiya Janata Party,
Uttar Pradesh,Mathura,Hema Malini,Hema Malini,Bharatiya Janata Party,https://upload.wikimedia.org/wikipedia/commons/3/39/Hema_Malini%27s_75th_birthday_celebration.jpg
Uttar Pradesh,Agra,S.P. Singh Baghel,S.P. Singh Baghel,Bharatiya Janata Party,https://upload.wikimedia.org/wikipedia/commons/9/94/SPS_Baghel_MoS_Health.jpg
Uttar Pradesh,Fatehpur Sikri,Rajkumar Chahar,Rajkumar Chahar,Bharatiya Janata Party,
Uttar Pradesh,Firozabad,Akshay Yadav,Akshay Yadav,Samajwadi Party,https://upload.wikimedia.org/wikipedia/commons/f/ff/Akshay_Yadav.jpg
Uttar Pradesh,Mainpuri,Dimple Yadav,Dimple Yadav,Samajwadi Party,https://upload.wikimedia.org/wikipedia/commons/thumb/0/0b/Dimple_Yadav.img.jpg/500px-Dimple_Yadav.img.jpg
Uttar Pradesh,Etah,Devesh Shakya,Devesh Shakya,Samajwadi Party,
Uttar Pradesh,Badaun,Aditya Yadav,Aditya Yadav,Samajwadi Party,
Uttar Pradesh,Aonla,Neeraj Kushwaha Maurya,Neeraj Kushwaha Maurya,Samajwadi Party,
Uttar Pradesh,Bareilly,Chhatrapal Singh Gangwar,Chhatrapal Singh Gangwar,Bharatiya Janata Party,
Uttar Pradesh,Pilibhit,Jitin Prasada,Jitin Prasada,Bharatiya Janata Party,https://upload.wikimedia.org/wikipedia/commons/1/1e/Jitin_Prasada_crop.jpg
Uttar Pradesh,Shahjahanpur,Arun Kumar Sagar,Arun Kumar Sagar,Bharatiya Janata Party,https://upload.wikimedia.org/wikipedia/commons/b/b4/Arun_Kumar_Sagar_MP.jpg
Uttar Pradesh,Kheri,Utkarsh Verma,Utkarsh Verma,Samajwadi Party,
Uttar Pradesh,Dhaurahra,Anand Bhadauriya,Anand Bhadauriya,Samajwadi Party,https://upload.wikimedia.org/wikipedia/commons/thumb/6/6a/ANAND_BHADAURIA.png/500px-ANAND_BHADAURIA.png
Uttar Pradesh,Sitapur,Rakesh Rathore,Rakesh Rathore,Indian National Congress,
Uttar Pradesh,Hardoi,Jai Prakash,Jai Prakash,Bharatiya Janata Party,
Uttar Pradesh,Misrikh,Ashok Kumar Rawat,Ashok Kumar Rawat,Bharatiya Janata Party,
Uttar Pradesh,Unnao,Sakshi Maharaj,Sakshi Maharaj,Bharatiya Janata Party,https://upload.wikimedia.org/wikipedia/commons/thumb/1/1c/Sakshi_Maharaj%2C_2020.jpg/500px-Sakshi_Maharaj%2C_2020.jpg
Uttar Pradesh,Mohanlalganj,R. K. Chaudhary,R. K. Chaudhary,Samajwadi Party,
Uttar Pradesh,Lucknow,Rajnath Singh,Rajnath Singh,Bharatiya Janata Party,https://upload.wikimedia.org/wikipedia/commons/thumb/a/af/Shri_Rajnath_Singh%2C_in_New_Delhi_on_May_09%2C_2023_%28cropped%29.jpg/500px-Shri_Rajnath_Singh%2C_in_New_Delhi_on_May_09%2C_2023_%28cropped%29.jpg
Uttar Pradesh,Rae Bareli,Rahul Gandhi,Rahul Gandhi,Indian National Congress,https://upload.wikimedia.org/wikipedia/commons/thumb/9/91/Rahul_Gandhi.png/500px-Rahul_Gandhi.png
Uttar Pradesh,Amethi,Kishori Lal Sharma,Kishori Lal Sharma,Indian National Congress,https://upload.wikimedia.org/wikipedia/commons/thumb/2/2c/KishoriLalSharma.jpg/500px-KishoriLalSharma.jpg
Uttar Pradesh,Sultanpur,Rambhual Nishad,Rambhual Nishad,Samajwadi Party,
Uttar Pradesh,Pratapgarh,S. P. Singh Patel,S. P. Singh Patel,Samajwadi Party,
Uttar Pradesh,Farrukhabad,Mukesh Rajput,Mukesh Rajput,Bharatiya Janata Party,https://upload.wikimedia.org/wikipedia/commons/2/23/Mukesh_Rajput_MP.jpg
Uttar Pradesh,Etawah,Jitendra Kumar Dohare,Jitendra Kumar Dohare,Samajwadi Party,
Uttar Pradesh,Kannauj,Akhilesh Yadav,Akhilesh Yadav,Samajwadi Party,https://upload.wikimedia.org/wikipedia/commons/c/c8/Akhilesh_Yadav_receiving_Padma_Vibhushan_on_the_behalf_of_his_late_father_Sh._Mulayam_Singh_Yadav_%28cropped%29.jpg
Uttar Pradesh,Kanpur,Ramesh Awasthi,Ramesh Awasthi,Bharatiya Janata Party,
Uttar Pradesh,Akbarpur,Devendra Singh Bhole,Devendra Singh Bhole,Bharatiya Janata Party,
Uttar Pradesh,Jalaun,Narayan Das Ahirwar,Narayan Das Ahirwar,Samajwadi Party,
Uttar Pradesh,Jhansi,Anurag Sharma,Anurag Sharma (politician),Bharatiya Janata Party,
Uttar Pradesh,Hamirpur,Ajendra Singh Lodhi,Ajendra Singh Lodhi,Samajwadi Party,
Uttar Pradesh,Banda,Krishna Devi Patel,Krishna Devi Shivshanker Patel,Samajwadi Party,
Uttar Pradesh,Fatehpur,Naresh Uttam Patel,Naresh Uttam Patel,Samajwadi Party,
Uttar Pradesh,Kaushambi,Pushpendra Saroj,Pushpendra Saroj (politician),Samajwadi Party,https://upload.wikimedia.org/wikipedia/commons/thumb/6/61/Kaushambimpsarojindelhi.jpg/500px-Kaushambimpsarojindelhi.jpg
Uttar Pradesh,Phulpur,Praveen Patel,Praveen Patel,Bharatiya Janata Party,
Uttar Pradesh,Allahabad,Ujjwal Rewati Raman Singh,Ujjwal Rewati Raman Singh,Indian National Congress,
Uttar Pradesh,Barabanki,Tanuj Punia,Tanuj Punia,Indian National Congress,https://upload.wikimedia.org/wikipedia/commons/thumb/d/db/Tanuj_Punia.jpg/500px-Tanuj_Punia.jpg
Uttar Pradesh,Faizabad,Awadhesh Prasad,Awadhesh Prasad,Samajwadi Party,
Uttar Pradesh,Ambedkar Nagar,Lalji Verma,Lalji Verma,Samajwadi Party,
Uttar Pradesh,Bahraich,Anand Kumar,Anand Kumar (UP Politician),Bharatiya Janata Party,
Uttar Pradesh,Kaiserganj,Karan Bhushan Singh,Karan Bhushan Singh (politician),Bharatiya Janata Party,https://upload.wikimedia.org/wikipedia/commons/thumb/8/88/Karan_Bhushan_Singh.jpg/500px-Karan_Bhushan_Singh.jpg
Uttar Pradesh,Shrawasti,Ram Shiromani Verma,Ram Shiromani Verma,Samajwadi Party,
Uttar Pradesh,Gonda,Kirti Vardhan Singh,Kirti Vardhan Singh,Bharatiya Janata Party,https://upload.wikimedia.org/wikipedia/commons/thumb/0/0f/Kirtivardhan_Singh_assuming_charge_as_the_Minister_of_State_of_Environment%2C_Forest_and_Climate_Change.jpg/500px-Kirtivardhan_Singh_assuming_charge_as_the_Minister_of_State_of_Environment%2C_Forest_and_Climate_Change.jpg
Uttar Pradesh,Domariyaganj,Jagdambika Pal,Jagdambika Pal,Bharatiya Janata Party,https://upload.wikimedia.org/wikipedia/commons/thumb/c/c2/Jagdambika_Pal.jpg/500px-Jagdambika_Pal.jpg
Uttar Pradesh,Basti,Ram Prasad Chaudhary,Ram Prasad Chaudhary,Samajwadi Party,
Uttar Pradesh,Sant Kabir Nagar,Laxmikant Nishad,Laxmikant Nishad,Samajwadi Party,
Uttar Pradesh,Maharajganj,Pankaj Chaudhary,Pankaj Chaudhary,Bharatiya Janata Party,https://upload.wikimedia.org/wikipedia/commons/thumb/9/9c/Pankaj_Chaudhary_in_2021_%28cropped%29.jpg/500px-Pankaj_Chaudhary_in_2021_%28cropped%29.jpg
Uttar Pradesh,Gorakhpur,Ravi Kishan,Ravi Kishan,Bharatiya Janata Party,https://upload.wikimedia.org/wikipedia/commons/thumb/8/8d/Ravi_Kissen_at_the_launch_of_T_P_Aggarwal%27s_trade_magazine_%27Blockbuster%27_20.jpg/500px-Ravi_Kissen_at_the_launch_of_T_P_Aggarwal%27s_trade_magazine_%27Blockbuster%27_20.jpg
Uttar Pradesh,Kushi Nagar,Vijay Kumar Dubey,Vijay Kumar Dubey,Bharatiya Janata Party,https://upload.wikimedia.org/wikipedia/commons/thumb/3/31/Vijay_Kumar_Dubey.jpg/500px-Vijay_Kumar_Dubey.jpg
Uttar Pradesh,Deoria,Shashank Mani,Shashank Mani,Bharatiya Janata Party,https://upload.wikimedia.org/wikipedia/commons/a/a6/Shashank_Mani_Photo.jpg
Uttar Pradesh,Bansgaon,Kamlesh Paswan,Kamlesh Paswan,Bharatiya Janata Party,https://upload.wikimedia.org/wikipedia/commons/1/16/Kamlesh_Paswan%2C_Minister_of_State_for_Rural_Development_in_2024.jpg
Uttar Pradesh,Lalganj,Daroga Saroj,Daroga Saroj,Samajwadi Party,
Uttar Pradesh,Azamgarh,Dharmendra Yadav,Dharmendra Yadav,Samajwadi Party,
Uttar Pradesh,Ghosi,Rajeev Kumar Rai,Rajeev Kumar Rai,Samajwadi Party,https://upload.wikimedia.org/wikipedia/commons/thumb/c/c4/RajeevRaiMPForeignDelegation.jpg/500px-RajeevRaiMPForeignDelegation.jpg
Uttar Pradesh,Salempur,Ramashankar Rajbhar,Ramashankar Rajbhar,Samajwadi Party,https://upload.wikimedia.org/wikipedia/commons/thumb/7/77/Ramashankar_Rajbhar.jpg/500px-Ramashankar_Rajbhar.jpg
Uttar Pradesh,Ballia,Sanatan Pandey,Sanatan Pandey,Samajwadi Party,
Uttar Pradesh,Jaunpur,Babu Singh Kushwaha,Babu Singh Kushwaha,Samajwadi Party,https://upload.wikimedia.org/wikipedia/commons/thumb/5/5a/Kushwaha.JPG/500px-Kushwaha.JPG
Uttar Pradesh,Machhlishahr,Priya Saroj,Priya Saroj,Samajwadi Party,https://upload.wikimedia.org/wikipedia/commons/thumb/b/b4/Priya_Saroj_MP.jpg/500px-Priya_Saroj_MP.jpg
Uttar Pradesh,Ghazipur,Afzal Ansari,Afzal Ansari,Samajwadi Party,https://upload.wikimedia.org/wikipedia/commons/thumb/3/34/Afzal_Ansari.jpg/500px-Afzal_Ansari.jpg
Uttar Pradesh,Chandauli,Bijendra Singh,Bijendra Singh,Samajwadi Party,
Uttar Pradesh,Varanasi,Narendra Modi,Narendra Modi,Bharatiya Janata Party,https://upload.wikimedia.org/wikipedia/commons/5/5f/The_official_portrait_of_Shri_Narendra_Modi%2C_the_Prime_Minister_of_the_Republic_of_India.jpg
Uttar Pradesh,Bhadohi,Vinod Kumar Bind,Vinod Kumar Bind,Bharatiya Janata Party,https://upload.wikimedia.org/wikipedia/commons/thumb/5/5e/Dr_vinod_bind.jpg/500px-Dr_vinod_bind.jpg
Uttar Pradesh,Mirzapur,Anupriya Patel,Anupriya Patel,Apna Dal (Soneylal),https://upload.wikimedia.org/wikipedia/commons/thumb/3/34/The_official_portrait_of_State_Minister_Anupriya_Patel.jpg/500px-The_official_portrait_of_State_Minister_Anupriya_Patel.jpg
Uttar Pradesh,Robertsganj,Chhotelal Kharwar,Chhotelal Kharwar,Samajwadi Party,
Uttarakhand,Tehri Garhwal,Mala Rajya Laxmi Shah,Mala Rajya Laxmi Shah,Bharatiya Janata Party,
Uttarakhand,Garhwal,Anil Baluni,Anil Baluni,Bharatiya Janata Party,
Uttarakhand,Almora,Ajay Tamta,Ajay Tamta,Bharatiya Janata Party,https://upload.wikimedia.org/wikipedia/commons/thumb/a/a4/The_Minister_of_State_for_Textiles%2C_Shri_Ajay_Tamta_addressing_at_the_inauguration_of_the_60th_India_International_Garment_Fair%2C_in_New_Delhi_on_January_17%2C_2018.jpg/500px-thumbnail.jpg
Uttarakhand,Nainital–Udhamsingh Nagar,Ajay Bhatt,Ajay Bhatt (politician),Bharatiya Janata Party,https://upload.wikimedia.org/wikipedia/commons/e/e2/Ajay_Bhatt_Minister_%28cropped%29.jpg
Uttarakhand,Haridwar,Trivendra Singh Rawat,Trivendra Singh Rawat,Bharatiya Janata Party,https://upload.wikimedia.org/wikipedia/commons/thumb/c/cc/The_Chief_Minister_of_Uttarakhand%2C_Shri_Trivendra_Singh_Rawat.jpg/500px-The_Chief_Minister_of_Uttarakhand%2C_Shri_Trivendra_Singh_Rawat.jpg
West Bengal,Cooch Behar,Jagadish Chandra Barma Basunia,Jagadish Chandra Barma Basunia,Nationalist Citizens Party of India,https://upload.wikimedia.org/wikipedia/commons/thumb/3/36/Basunia.jpg/500px-Basunia.jpg
West Bengal,Alipurduars,Manoj Tigga,Manoj Tigga,Bharatiya Janata Party,
West Bengal,Jalpaiguri,Jayanta Kumar Roy,Jayanta Kumar Roy,Bharatiya Janata Party,
West Bengal,Darjeeling,Raju Bista,Raju Bista,Bharatiya Janata Party,https://upload.wikimedia.org/wikipedia/commons/thumb/2/20/Raju_Bista%2C_Member_of_Parliament_%28Lok_Sabha%29_from_Darjeeling%2C_West_Bengal_meeting_with_the_President_of_India%2C_Smt._Droupadi_Murmu_at_Rashtrapati_Bhavan.jpg/500px-Raju_Bista%2C_Member_of_Parliament_%28Lok_Sabha%29_from_Darjeeling%2C_West_Bengal_meeting_with_the_President_of_India%2C_Smt._Droupadi_Murmu_at_Rashtrapati_Bhavan.jpg
West Bengal,Raiganj,Kartick Chandra Paul,Kartick Chandra Paul,Bharatiya Janata Party,
West Bengal,Balurghat,Sukanta Majumdar,Sukanta Majumdar,Bharatiya Janata Party,https://upload.wikimedia.org/wikipedia/commons/thumb/c/c6/Sukanta_Majumdar%2C_Minister_of_State_for_Education.jpg/500px-Sukanta_Majumdar%2C_Minister_of_State_for_Education.jpg
West Bengal,Maldaha Uttar,Khagen Murmu,Khagen Murmu,Bharatiya Janata Party,
West Bengal,Maldaha Dakshin,Isha Khan Choudhury,Isha Khan Choudhury,Indian National Congress,https://upload.wikimedia.org/wikipedia/commons/6/64/Isha_Khan_Choudhury.jpg
West Bengal,Jangipur,Khalilur Rahaman,Khalilur Rahaman,Nationalist Citizens Party of India,
West Bengal,Baharampur,Yusuf Pathan,Yusuf Pathan,Nationalist Citizens Party of India,https://upload.wikimedia.org/wikipedia/commons/thumb/b/b0/Yusuf_Pathan.jpg/500px-Yusuf_Pathan.jpg
West Bengal,Murshidabad,Abu Taher Khan,Abu Taher Khan,Nationalist Citizens Party of India,
West Bengal,Krishnanagar,Mahua Moitra,Mahua Moitra,Trinamool Congress,https://upload.wikimedia.org/wikipedia/commons/a/a7/Mahua_Moitra.jpg
West Bengal,Ranaghat,Jagannath Sarkar,Jagannath Sarkar (BJP politician),Bharatiya Janata Party,
West Bengal,Bangaon,Shantanu Thakur,Shantanu Thakur,Bharatiya Janata Party,https://upload.wikimedia.org/wikipedia/commons/4/4e/Shri_Shantanu_Thakur.jpg
West Bengal,Barrackpur,Partha Bhowmick,Partha Bhowmick,Nationalist Citizens Party of India,https://upload.wikimedia.org/wikipedia/commons/thumb/6/6e/Partha_Bhowmick.png/500px-Partha_Bhowmick.png
West Bengal,Dum Dum,Saugata Roy,Saugata Roy,Trinamool Congress,https://upload.wikimedia.org/wikipedia/commons/thumb/d/d6/Saugata_Roy_MP.jpg/500px-Saugata_Roy_MP.jpg
West Bengal,Barasat,Kakoli Ghosh Dastidar,Kakoli Ghosh Dastidar,Nationalist Citizens Party of India,https://upload.wikimedia.org/wikipedia/commons/4/44/Kakoli_Ghosh_Dastidar_flagging_off_the_Howrah-Pune_Suvidha_AC_Express_from_Howrah_Station%2C_West_Bengal.jpg
West Bengal,Basirhat,Haji Nurul Islam,Haji Nurul Islam,Trinamool Congress,
West Bengal,Jaynagar,Pratima Mondal,Pratima Mondal,Trinamool Congress,
West Bengal,Mathurapur,Bapi Halder,Bapi Halder,Nationalist Citizens Party of India,
West Bengal,Diamond Harbour,Abhishek Banerjee,Abhishek Banerjee (politician),Trinamool Congress,https://upload.wikimedia.org/wikipedia/commons/thumb/9/98/Abhishek_Banerjee.jpg/500px-Abhishek_Banerjee.jpg
West Bengal,Jadavpur,Saayoni Ghosh,Saayoni Ghosh,Nationalist Citizens Party of India,https://upload.wikimedia.org/wikipedia/commons/b/bb/Saayoni_Ghosh_in_2015_%28cropped%29.jpg
West Bengal,Kolkata Dakshin,Mala Roy,Mala Roy,Nationalist Citizens Party of India,https://upload.wikimedia.org/wikipedia/commons/thumb/3/36/Mala_Roy_%28Member_of_Parliament%29.jpg/500px-Mala_Roy_%28Member_of_Parliament%29.jpg
West Bengal,Kolkata Uttar,Sudip Bandyopadhyay,Sudip Bandyopadhyay,Nationalist Citizens Party of India,https://upload.wikimedia.org/wikipedia/commons/thumb/4/48/Shri_Sudip_Bandyopadhyay_official_portrait.jpg/500px-Shri_Sudip_Bandyopadhyay_official_portrait.jpg
West Bengal,Howrah,Prasun Banerjee,Prasun Banerjee,Nationalist Citizens Party of India,
West Bengal,Uluberia,Sajda Ahmed,Sajda Ahmed,Trinamool Congress,
West Bengal,Sreerampur,Kalyan Banerjee,Kalyan Banerjee (politician),Trinamool Congress,https://upload.wikimedia.org/wikipedia/commons/3/3f/Kalyan_Banerjee.png
West Bengal,Hooghly,Rachana Banerjee,Rachana Banerjee,Nationalist Citizens Party of India,https://upload.wikimedia.org/wikipedia/commons/a/ac/Rachana_Banerjee_2020.png
West Bengal,Arambagh,Mitali Bag,Bag Mitali,Nationalist Citizens Party of India,
West Bengal,Tamluk,Abhijit Gangopadhyay,Abhijit Gangopadhyay,Bharatiya Janata Party,
West Bengal,Kanthi,Soumendu Adhikari,Adhikari Soumendu,Bharatiya Janata Party,
West Bengal,Ghatal,Deepak Adhikari,Dev (Bengali actor),Nationalist Citizens Party of India,https://upload.wikimedia.org/wikipedia/commons/thumb/8/85/Dev_at_the_Suro_Bharati_Sangeet_Kala_Kendra_annual_ceremony_in_2026.jpg/500px-Dev_at_the_Suro_Bharati_Sangeet_Kala_Kendra_annual_ceremony_in_2026.jpg
West Bengal,Jhargram,Kalipada Soren,Kalipada Soren,Nationalist Citizens Party of India,https://upload.wikimedia.org/wikipedia/commons/thumb/5/59/%E1%B1%A0%E1%B1%B7%E1%B1%AE%E1%B1%A8%E1%B1%A3%E1%B1%9F%E1%B1%9E_%E1%B1%A5%E1%B1%9A%E1%B1%A8%E1%B1%AE%E1%B1%B1.jpg/500px-%E1%B1%A0%E1%B1%B7%E1%B1%AE%E1%B1%A8%E1%B1%A3%E1%B1%9F%E1%B1%9E_%E1%B1%A5%E1%B1%9A%E1%B1%A8%E1%B1%AE%E1%B1%B1.jpg
West Bengal,Medinipur,June Malia,June Malia,Nationalist Citizens Party of India,https://upload.wikimedia.org/wikipedia/commons/thumb/4/44/June_Malia.jpg/500px-June_Malia.jpg
West Bengal,Purulia,Jyotirmay Singh Mahato,Jyotirmay Singh Mahato,Bharatiya Janata Party,https://upload.wikimedia.org/wikipedia/en/thumb/5/58/Jyotirmay_Singh_Mahto.jpg/500px-Jyotirmay_Singh_Mahto.jpg
West Bengal,Bankura,Arup Chakraborty,Arup Chakraborty (politician),Nationalist Citizens Party of India,
West Bengal,Bishnupur,Saumitra Khan,Saumitra Khan,Bharatiya Janata Party,https://upload.wikimedia.org/wikipedia/commons/thumb/0/00/Saumitra.jpg/500px-Saumitra.jpg
West Bengal,Bardhaman Purba,Sharmila Sarkar,Sharmila Sarkar,Nationalist Citizens Party of India,
West Bengal,Bardhaman–Durgapur,Kirti Azad,Kirti Azad,Trinamool Congress,
West Bengal,Asansol,Shatrughan Sinha,Shatrughan Sinha,Trinamool Congress,https://upload.wikimedia.org/wikipedia/commons/2/20/Shatrughan_Sinha.jpg
West Bengal,Bolpur,Asit Kumar Mal,Asit Kumar Mal,Nationalist Citizens Party of India,
West Bengal,Birbhum,Satabdi Roy,Satabdi Roy,Nationalist Citizens Party of India,https://upload.wikimedia.org/wikipedia/commons/e/e5/Shatabdi_Roy.jpg
